customer_id,first_name,last_name,gender,past_3_years_bike_related_purchases,DOB,job_title,job_industry_category,wealth_segment,deceased_indicator,default,owns_car,tenure
3,Arlin,Dearle,Male,61,1954-01-20,Recruiting Manager,Property,Mass Customer,N,2018-02-01 00:00:00,Yes,15.0
10,Fiorenze,Birdall,Female,49,1988-10-11,Senior Quality Engineer,Financial Services,Mass Customer,N,ð©ð½,Yes,20.0
22,Deeanne,Durtnell,Female,79,1962-12-10,,IT,Mass Customer,N,ï¼ï¼ï¼,No,11.0
23,Olav,Polak,Male,43,1995-02-10,,,High Net Worth,N,2018-02-01 00:00:00,Yes,1.0
852,Andie,Bonney,Female,37,2000-11-04,Compensation Analyst,Financial Services,Affluent Customer,N,!@#$%^&*(),Yes,2.0
869,Addia,Abels,Female,7,1984-03-11,Account Representative I,Financial Services,High Net Worth,N,"__ï¾(,_,*)",Yes,10.0
1373,Shaylynn,Epsley,Female,3,1958-09-23,Director of Sales,Financial Services,Mass Customer,N,ËÉnbá´lÉ ÉuÆÉÉ¯ ÇÉ¹olop ÊÇ ÇÉ¹oqÉl Ên Êunpá´pá´Éuá´ É¹odÉ¯ÇÊ poÉ¯sná´Ç op pÇs 'Êá´lÇ Æuá´Ésá´dá´pÉ É¹nÊÇÊÉÇsuoÉ 'ÊÇÉ¯É Êá´s É¹olop É¯nsdá´ É¯ÇÉ¹oË¥,Yes,12.0
2074,Roslyn,Rawdall,Female,90,1997-06-11,,Financial Services,Mass Customer,N,100,No,4.0
2660,Hunt,Scollard,Male,44,1963-11-15,,Retail,High Net Worth,N,,Yes,19.0
3229,Carrol,Gheorghie,Male,69,1964-10-18,Sales Representative,Retail,High Net Worth,N,"__ï¾(,_,*)",Yes,6.0
3236,Edsel,Arguile,Male,37,1993-04-01,,Manufacturing,Mass Customer,N,Î©âÃ§ââ«ËÂµâ¤â¥Ã·,Yes,5.0
3501,Kayla,Alentyev,Female,63,1970-01-19,Operator,Telecommunications,Mass Customer,N,<img src=x onerror=alert('hi') />,Yes,18.0
3502,Wilfrid,Cleaves,Male,5,1997-10-16,Senior Sales Associate,Retail,High Net Worth,N,0/0,Yes,3.0
3503,Tootsie,Rafter,Female,53,1979-03-12,Financial Advisor,Financial Services,Affluent Customer,N,,Yes,10.0
3504,Keriann,Perdue,Female,39,1963-07-06,Business Systems Development Analyst,Manufacturing,Mass Customer,N,`ââ¬â¹âºï¬ï¬â¡Â°Â·ââÂ±,Yes,6.0
3505,Dolly,Scallan,Female,41,1974-08-06,,Retail,Mass Customer,N,ð¾ ð ð ð ð ð ð ð§,No,14.0
3506,Mercy,Donisi,Female,19,1975-06-18,Web Designer I,Financial Services,Mass Customer,N,åè£½æ¼¢èª,No,15.0
3507,Christoph,Greatreax,Male,70,1955-03-03,Physical Therapy Assistant,Financial Services,Mass Customer,N,Ì¦HÍÌ¬Ì¤ÌÌ¤eÍ ÍÌÌ¥ÌÌ»ÍÌwÌhÌÌ¯ÍoÌÍÌÍÌ±Ì® ÒÌºÌÌÌÍWÌ·Ì¼Ì­aÌºÌªÍiÌ¨ÍÍÌ­ÍÌ¯ÌtÌ¶Ì¼Ì®sÌÌÍÍ Ì Ì«Ì BÌ»ÍÍÍÍÌ³eÌµhÌµÌ¬ÍÌ«ÍiÌÌ¹ÍÌ³Ì³Ì®ÍÌ«nÍdÌ´ÌªÌÌ ÍÌ°ÍÌ©ÍÍÍÌ²TÍ¢ÍÌ¼ÍÌªhÍÍÌ®Ì»eÌ¬ÌÍÌ Ì¤Ì¹ÌWÍÍÍÌÌÍÍaÍÍÍÌ¹Ì¼,No,5.0
3508,Malvin,Marre,Male,89,1986-08-09,Pharmacist,Health,Mass Customer,N,ÅâÂ´Â®â Â¥Â¨ËÃ¸Ïââ,No,5.0
3509,Janine,Hesey,Female,85,1978-11-22,Pharmacist,Health,Mass Customer,N,0,Yes,15.0
3510,Jemima,Izaac,,48,,Safety Technician II,IT,Affluent Customer,N,,Yes,
3511,Willem,Spraging,Male,23,1966-12-31,Food Chemist,Health,Affluent Customer,N,1,No,10.0
3512,Vladimir,Abramowsky,Male,68,1994-03-24,VP Accounting,Financial Services,Mass Customer,N,/dev/null; touch /tmp/blns.fail ; echo,Yes,8.0
3513,Enriqueta,Waterhowse,,80,,Internal Auditor,IT,Affluent Customer,N,,Yes,
3514,Darcy,Ilett,Male,25,1962-08-24,Environmental Specialist,,Mass Customer,N,100,No,8.0
3515,Leelah,Pynner,Female,11,1975-01-14,Staff Scientist,Telecommunications,High Net Worth,N,ï¾ï½¥â¿ã¾â²(ï½¡ââ¿âï½¡)â±â¿ï½¥ï¾,Yes,18.0
3516,Diarmid,Vearnals,Male,93,1977-04-30,,Property,Mass Customer,N,testâ testâ«,Yes,15.0
3517,Domeniga,Terney,Female,47,1957-07-04,Accounting Assistant IV,,Mass Customer,N,-100,Yes,6.0
3518,Magdaia,Beardwell,Female,45,1980-06-18,Biostatistician I,IT,Mass Customer,N,ï¾ï½¥â¿ã¾â²(ï½¡ââ¿âï½¡)â±â¿ï½¥ï¾,Yes,8.0
3519,Aldus,Kenningley,Male,16,1978-05-21,Software Consultant,Manufacturing,Mass Customer,N,â¦testâ§,Yes,11.0
3520,Travis,Kaszper,Male,41,1963-08-17,Research Nurse,Health,Mass Customer,N,-1,Yes,16.0
3521,Oneida,Olivia,Female,27,1980-03-10,Research Associate,,High Net Worth,N,ï¾ï½¥â¿ã¾â²(ï½¡ââ¿âï½¡)â±â¿ï½¥ï¾,Yes,16.0
3522,Lorri,Byrth,Female,73,1989-08-21,Cost Accountant,Financial Services,High Net Worth,N,ÃÃÃÃËÃÃï£¿ÃÃÃâ,Yes,11.0
3523,Lin,Tarver,Male,33,1975-06-14,,,Affluent Customer,N,åè£½æ¼¢èª,No,19.0
3524,Waiter,Piscopello,Male,38,1973-12-30,Design Engineer,Financial Services,Mass Customer,N,1,Yes,18.0
3525,Town,Yitzhakov,Male,55,1996-08-16,Editor,,Mass Customer,N,×Ö¸×Ö°×ªÖ¸×testØ§ÙØµÙØ­Ø§Øª Ø§ÙØªÙØ­ÙÙ,No,2.0
3526,Pail,Iacopini,Male,84,1978-09-19,General Manager,Telecommunications,High Net Worth,N,1000000000000000049861653971908893017010268485438462151574892930611988399099305815384459015356416,Yes,13.0
3527,Kiley,Scotson,Female,77,1978-12-02,Senior Cost Accountant,Financial Services,High Net Worth,N,ã»(ï¿£âï¿£)ã»:*:,No,18.0
3528,Eliot,Scammell,Male,69,1964-04-06,Internal Auditor,Manufacturing,Mass Customer,N,,Yes,7.0
3529,Austine,Kinny,Female,37,1960-11-23,Structural Analysis Engineer,IT,High Net Worth,N,(â¯Â°â¡Â°ï¼â¯ï¸µ â»ââ»),Yes,16.0
3530,Erik,Kenneford,Male,19,1973-10-23,Staff Scientist,,High Net Worth,N,100,Yes,8.0
3531,Shannah,Pountain,Female,4,1969-01-27,Marketing Manager,Retail,Affluent Customer,N,<img src=x onerror=alert('hi') />,Yes,11.0
3532,May,Birch,Female,27,1990-07-24,Media Manager I,Health,High Net Worth,N,1,Yes,7.0
3533,Neale,Lowings,Male,62,1981-02-14,,Financial Services,Affluent Customer,N,-100,Yes,8.0
3534,Kacie,Stanbrooke,Female,92,1975-05-15,Associate Professor,Manufacturing,Affluent Customer,N,ï»¿,Yes,3.0
3535,Bren,Dabbes,Female,8,1994-09-15,Technical Writer,Manufacturing,High Net Worth,N,Ù¡Ù¢Ù£,No,6.0
3536,Laurence,Aulsford,Male,46,1967-12-24,Professor,Retail,Affluent Customer,N,0/0,No,18.0
3537,Sholom,Pavlasek,Male,1,1997-01-15,Graphic Designer,Financial Services,Mass Customer,N,-100,No,4.0
3538,Kerby,Nassie,Male,19,1977-11-14,Marketing Manager,Health,Mass Customer,N,() { _; } >_[$($())] { touch /tmp/blns.shellshock2.fail; },No,8.0
3539,Sheelah,Caine,Female,94,1985-03-21,,IT,Mass Customer,N,ÅâÂ´Â®â Â¥Â¨ËÃ¸Ïââ,Yes,16.0
3540,Ali,Naris,Male,49,1954-08-27,,,Mass Customer,N,1,Yes,7.0
3541,Aloin,Harhoff,Male,72,1986-01-03,,Health,Mass Customer,N,"""'",No,11.0
3542,Perl,Suddaby,Female,23,1975-03-11,Financial Analyst,Financial Services,Mass Customer,N,âð¿ ðªð¿ ðð¿ ðð¿ ðð¿ ðð¿,No,10.0
3543,Shanie,Zahor,Female,15,1986-12-25,Food Chemist,Health,High Net Worth,N,â£,Yes,21.0
3544,Benoite,Trahmel,Female,25,1998-08-13,Help Desk Technician,,Affluent Customer,N,â£,No,1.0
3545,Wenonah,Filgate,Female,66,1974-07-19,Developer II,,High Net Worth,N,á,No,4.0
3546,Hally,Pollie,Female,91,1983-09-29,GIS Technical Architect,Manufacturing,Affluent Customer,N,TÌÌ­ÌºÌºoÍ Ì·iÌ²Ì¬ÍÌªÍnÌÌÍvÍÌÌÌÌ¦oÌ¶ÌÌ°Ì keÍÍÌ®ÌºÌªÌ¹Ì±Ì¤ ÌtÍÌÍÌ³Ì£Ì»ÌªhÌ¼ÍÌ²Ì¦Ì³ÌÌ²eÍÌ£Ì°Ì¦Ì¬Í Ì¢Ì¼Ì»Ì±ÌhÍÍÍÍÌÌ£Ì²iÌ¦Ì²Ì£Ì°Ì¤vÌ»ÍeÌºÌ­Ì³ÌªÌ°-mÌ¢iÍnÌÌºÌÌ²Ì¯Ì°dÌµÌ¼ÌÍÌ©Ì¼ÌÌ³ ÌÌ¥Ì±Ì³Ì­rÌÌÌeÍpÍ rÌ¼ÌÌ»Ì­ÌeÍÌºÌ Ì£sÌ,Yes,9.0
3547,Ganny,Dwerryhouse,Male,19,1975-05-06,Senior Financial Analyst,Financial Services,Affluent Customer,N,2018-02-01 00:00:00,No,8.0
3548,Dalli,Seden,Male,65,1958-08-02,,,Affluent Customer,N,ðµ ð ð ð,No,12.0
3549,Jodee,Macewan,Female,0,1966-02-24,Sales Representative,Retail,Mass Customer,N,â¦testâ§,No,7.0
3550,Daisey,Britto,Female,50,1988-11-27,Environmental Tech,Retail,Mass Customer,N,ï¾ï½¥â¿ã¾â²(ï½¡ââ¿âï½¡)â±â¿ï½¥ï¾,Yes,16.0
3551,Zed,Douris,Male,37,1962-05-10,Pharmacist,Health,Mass Customer,N,ð©ð½,Yes,8.0
3552,Ebeneser,Lowde,Male,33,1992-09-07,Internal Auditor,Retail,Affluent Customer,N,á,Yes,9.0
3553,Dietrich,Geggie,Male,97,1974-12-29,Graphic Designer,Health,Mass Customer,N,âªâªtestâª,No,10.0
3554,Briggs,Mower,Male,34,1978-04-06,GIS Technical Architect,IT,Mass Customer,N,ì¸ëë°í ë¥´,Yes,16.0
3555,Latashia,,Female,96,1976-02-26,Programmer Analyst II,Manufacturing,Mass Customer,N,â«testâ«,No,21.0
3556,Larina,Gheeorghie,Female,38,1997-07-05,Senior Developer,Manufacturing,High Net Worth,N,"<>?:""{}|_+",No,3.0
3557,Tisha,Gibbings,Female,79,1978-05-12,,Health,Affluent Customer,N,<img src=x onerror=alert('hi') />,No,18.0
3558,Torey,Sarney,Male,16,1954-09-05,,,High Net Worth,N,<img src=x onerror=alert('hi') />,Yes,7.0
3559,Farra,Bails,Female,80,1985-02-19,Assistant Media Planner,Entertainment,High Net Worth,N,0/0,Yes,17.0
3560,Gav,Bonin,Male,98,1980-09-01,Structural Analysis Engineer,Retail,Mass Customer,N,testâ testâ«,Yes,7.0
3561,Emelda,Allbones,Female,15,1968-11-16,Help Desk Operator,Financial Services,Mass Customer,N,!@#$%^&*(),Yes,5.0
3562,Martynne,Bullivant,Female,76,1973-01-02,Recruiting Manager,,Affluent Customer,N,,No,10.0
3563,De,Leyband,Female,70,1990-03-12,,Financial Services,Affluent Customer,N,Â¡â¢Â£Â¢âÂ§Â¶â¢ÂªÂºââ ,No,10.0
3564,Sandy,Olford,Male,43,1972-05-15,Programmer Analyst IV,,High Net Worth,N,âªâªtestâª,Yes,18.0
3565,Charyl,Pottiphar,,14,,Structural Engineer,IT,High Net Worth,N,,Yes,
3566,Bram,Pheasant,Male,96,1976-11-02,Social Worker,Health,Affluent Customer,N,../../../../../../../../../../../etc/passwd%00,Yes,10.0
3567,Eileen,Ilchenko,Female,17,1980-09-14,Nurse,Financial Services,Affluent Customer,N,ËÉnbá´lÉ ÉuÆÉÉ¯ ÇÉ¹olop ÊÇ ÇÉ¹oqÉl Ên Êunpá´pá´Éuá´ É¹odÉ¯ÇÊ poÉ¯sná´Ç op pÇs 'Êá´lÇ Æuá´Ésá´dá´pÉ É¹nÊÇÊÉÇsuoÉ 'ÊÇÉ¯É Êá´s É¹olop É¯nsdá´ É¯ÇÉ¹oË¥,Yes,14.0
3568,Berthe,Griniov,Female,13,1955-09-15,Nurse,Retail,Affluent Customer,N,1'; DROP TABLE users--,No,5.0
3569,Janel,Daice,Female,24,1973-05-18,Senior Editor,,Affluent Customer,N,ì¬íê³¼íì ì´íì°êµ¬ì,No,12.0
3570,Mordy,Hedin,Male,13,1962-01-31,,Entertainment,Mass Customer,N,1/0,No,7.0
3571,Othilia,Metcalf,Female,9,1976-06-09,Senior Sales Associate,Property,Mass Customer,N,Â¸ËÃâÄ±ËÃÂ¯ËÂ¿,Yes,3.0
3572,Willis,Tilston,Male,54,1986-03-21,Sales Representative,Retail,Affluent Customer,N,2018-02-01 00:00:00,Yes,2.0
3573,Mab,Dwyer,Female,68,1996-10-16,Accounting Assistant I,Manufacturing,Mass Customer,N,-100,Yes,3.0
3574,Eileen,Eland,Female,33,1991-02-05,Clinical Specialist,Health,Mass Customer,N,ì¬íê³¼íì ì´íì°êµ¬ì,No,6.0
3575,Kandace,Desesquelle,Female,82,1973-11-06,Administrative Assistant I,IT,Affluent Customer,N,ðµ ð ð ð,Yes,13.0
3576,Rochette,Ebbens,Female,10,1969-09-19,Account Coordinator,,Mass Customer,N,ð ð ±ð ¹ð ±ð ±¸ð ²ð ³,No,11.0
3577,Fowler,Scotsbrook,Male,29,1964-02-18,Staff Scientist,Retail,High Net Worth,N,-100,No,10.0
3578,Dorella,Sineath,Female,57,1956-10-27,Staff Accountant IV,Property,Mass Customer,N,0ï¸â£ 1ï¸â£ 2ï¸â£ 3ï¸â£ 4ï¸â£ 5ï¸â£ 6ï¸â£ 7ï¸â£ 8ï¸â£ 9ï¸â£ ð,No,12.0
3579,Rachel,Somes,Female,32,1987-09-15,Software Test Engineer III,Health,High Net Worth,N,ì¸ëë°í ë¥´,No,20.0
3580,Roby,Samson,Female,61,1972-04-24,Occupational Therapist,Health,Mass Customer,N,,No,10.0
3581,Lindsy,Ygo,Female,38,1957-07-10,,,Mass Customer,N,"Ø«Ù ÙÙØ³ Ø³ÙØ·Øª ÙØ¨Ø§ÙØªØ­Ø¯ÙØ¯Ø, Ø¬Ø²ÙØ±ØªÙ Ø¨Ø§Ø³ØªØ®Ø¯Ø§Ù Ø£Ù Ø¯ÙÙ. Ø¥Ø° ÙÙØ§Ø Ø§ÙØ³ØªØ§Ø± ÙØªÙØµÙØ¨ ÙØ§Ù. Ø£ÙÙÙ Ø§ÙØ·Ø§ÙÙØ§Ø Ø¨Ø±ÙØ·Ø§ÙÙØ§-ÙØ±ÙØ³Ø§ ÙØ¯ Ø£Ø®Ø°. Ø³ÙÙÙØ§ÙØ Ø¥ØªÙØ§ÙÙØ© Ø¨ÙÙ ÙØ§, ÙØ°ÙØ± Ø",Yes,6.0
3582,Beryle,Qusklay,Female,66,1961-12-11,Media Manager II,Property,Mass Customer,N,ð¾ ð ð ð ð ð ð ð,No,17.0
3583,Josselyn,Mathey,Female,71,1965-05-27,Assistant Professor,Retail,Affluent Customer,N,â°â´âµâââ,No,5.0
3584,Adler,Teale,Male,95,1962-01-14,,Health,Mass Customer,N,"__ï¾(,_,*)",No,10.0
3585,Concordia,Lunbech,Female,41,1962-07-28,,Financial Services,High Net Worth,N,"""'",Yes,20.0
3586,Abby,Brownstein,Female,79,1979-02-05,Registered Nurse,Health,Affluent Customer,N,(â¯Â°â¡Â°ï¼â¯ï¸µ â»ââ»),No,10.0
3587,Ines,Galfour,Female,85,1997-09-24,,,Affluent Customer,N,ð ð ±ð ¹ð ±ð ±¸ð ²ð ³,No,2.0
3588,Henrie,Beadman,Female,15,1961-06-04,Web Developer III,Health,Affluent Customer,N,,Yes,18.0
3589,Nalani,Dummer,Female,73,1962-02-19,Computer Systems Analyst II,Health,High Net Worth,N,â¡,No,17.0
3590,Carolan,Velez,Female,32,1978-04-16,,Manufacturing,Mass Customer,N,0ï¸â£ 1ï¸â£ 2ï¸â£ 3ï¸â£ 4ï¸â£ 5ï¸â£ 6ï¸â£ 7ï¸â£ 8ï¸â£ 9ï¸â£ ð,Yes,19.0
3591,Dwight,Kinsey,Male,15,1978-10-28,Accountant III,Financial Services,Mass Customer,N,ãã¼ãã£ã¼ã¸è¡ããªãã,No,10.0
3592,Pall,MacCart,Male,72,1954-04-27,Junior Executive,,Mass Customer,N,á ,No,12.0
3593,Carry,Abercromby,Female,71,1996-04-10,Legal Assistant,Retail,Mass Customer,N,testâ testâ«,No,5.0
3594,Gustavo,Juschka,Male,45,1986-01-04,Marketing Assistant,Manufacturing,Mass Customer,N,nil,No,18.0
3595,Timi,Huson,Female,81,1975-12-06,Software Consultant,Retail,Mass Customer,N,,No,6.0
3596,Christi,Gilluley,Female,57,1977-12-25,Executive Secretary,Retail,Mass Customer,N,`ââ¬â¹âºï¬ï¬â¡Â°Â·ââÂ±,No,20.0
3597,Giorgi,,Male,71,1954-06-16,Analog Circuit Design manager,Property,Affluent Customer,N,',Yes,16.0
3598,Penny,McKirdy,Male,72,1994-12-17,Computer Systems Analyst III,Manufacturing,Affluent Customer,N,âð¿ ðªð¿ ðð¿ ðð¿ ðð¿ ðð¿,Yes,5.0
3599,Lane,Maguire,Male,11,1956-02-27,Physical Therapy Assistant,,High Net Worth,N,100,Yes,6.0
3600,Godart,Gooderick,Male,88,1962-05-17,Staff Accountant II,,Mass Customer,N,() { 0; }; touch /tmp/blns.shellshock1.fail;,No,16.0
3601,Fanya,Gethyn,Female,85,1975-12-23,Junior Executive,IT,Mass Customer,N,nil,No,18.0
3602,Alicea,Scamwell,Female,23,1988-11-27,Account Coordinator,Health,Mass Customer,N,ã»(ï¿£âï¿£)ã»:*:,No,12.0
3603,Cale,Yaneev,Male,90,1954-09-27,Sales Representative,Retail,Mass Customer,N,2018-02-01 00:00:00,Yes,14.0
3604,Findlay,Lubman,Male,3,1971-04-09,VP Quality Control,Health,High Net Worth,N,â¤ï¸ ð ð ð ð ð ð ð ð ð ð ð ð ð ð,Yes,9.0
3605,Andy,Risely,Male,54,1994-01-28,Internal Auditor,,Mass Customer,N,TÌÌ­ÌºÌºoÍ Ì·iÌ²Ì¬ÍÌªÍnÌÌÍvÍÌÌÌÌ¦oÌ¶ÌÌ°Ì keÍÍÌ®ÌºÌªÌ¹Ì±Ì¤ ÌtÍÌÍÌ³Ì£Ì»ÌªhÌ¼ÍÌ²Ì¦Ì³ÌÌ²eÍÌ£Ì°Ì¦Ì¬Í Ì¢Ì¼Ì»Ì±ÌhÍÍÍÍÌÌ£Ì²iÌ¦Ì²Ì£Ì°Ì¤vÌ»ÍeÌºÌ­Ì³ÌªÌ°-mÌ¢iÍnÌÌºÌÌ²Ì¯Ì°dÌµÌ¼ÌÍÌ©Ì¼ÌÌ³ ÌÌ¥Ì±Ì³Ì­rÌÌÌeÍpÍ rÌ¼ÌÌ»Ì­ÌeÍÌºÌ Ì£sÌ,No,6.0
3606,Jamima,Wainscot,Female,52,1957-02-09,Graphic Designer,,High Net Worth,N,0ï¸â£ 1ï¸â£ 2ï¸â£ 3ï¸â£ 4ï¸â£ 5ï¸â£ 6ï¸â£ 7ï¸â£ 8ï¸â£ 9ï¸â£ ð,No,15.0
3607,Troy,Blaydes,Male,99,2001-05-22,Clinical Specialist,Health,Mass Customer,N,ì¬íê³¼íì ì´íì°êµ¬ì,No,1.0
3608,Conway,Surgen,Male,86,1973-05-17,Nurse Practicioner,Argiculture,High Net Worth,N,<script>alert('hi')</script>,No,8.0
3609,Chicky,Butterfield,Male,69,1997-09-02,Marketing Manager,Manufacturing,Mass Customer,N,0/0,No,4.0
3610,Erl,Markel,Male,1,1987-03-29,Graphic Designer,Financial Services,High Net Worth,N,â,Yes,16.0
3611,Uriah,Chantree,Male,20,1970-04-10,Statistician II,,Affluent Customer,N,ËÉnbá´lÉ ÉuÆÉÉ¯ ÇÉ¹olop ÊÇ ÇÉ¹oqÉl Ên Êunpá´pá´Éuá´ É¹odÉ¯ÇÊ poÉ¯sná´Ç op pÇs 'Êá´lÇ Æuá´Ésá´dá´pÉ É¹nÊÇÊÉÇsuoÉ 'ÊÇÉ¯É Êá´s É¹olop É¯nsdá´ É¯ÇÉ¹oË¥,Yes,10.0
3612,Normand,Matous,Male,27,1979-11-27,,IT,High Net Worth,N,ç°ä¸­ããã«ããã¦ä¸ãã,No,15.0
3613,Fairfax,Pummery,Male,27,1972-04-21,Budget/Accounting Analyst II,Health,Mass Customer,N,ÌÌºÍÌ¹Ì¯ÍTÌ±Ì¤ÍÌ¥ÍÍhÍÌ²eÍÍÌ¼ÌÌÌ¼Ì£Í ÍÌÌ±Ì ÍÍÍNÍ ÍeÌÌ±zÌÌÌÌºÍpÌ¤ÌºÌ¹ÍÌ¯ÍeÍÌ Ì»Ì rÌ¨Ì¤ÍÌºÌÍÌÌdÍÌ ÌÌ­Ì¬ÌiÌ¦ÍÌ©ÍÍÌ¤aÌ ÌÌ¬ÍÌnÍÍ Ì»ÌÌ°ÍÍhÌµÍiÌ³ÌvÌ¢ÍeÍÌ­Í-ÒÌ­Ì©Ì¼ÍmÌ¤Ì­Ì«iÍÍÌÌ¦nÌÍdÌ£Ì ÍÌ¯Ì²ÍoÌ¨ÌÌ¯Ì°Ì²,Yes,9.0
3614,Berkie,Gimber,Male,59,1961-06-23,Environmental Specialist,Retail,Affluent Customer,N,,Yes,18.0
3615,Junia,Napton,Female,63,1978-07-09,Safety Technician II,IT,Mass Customer,N,0/0,Yes,8.0
3616,Vale,Dagnan,Male,42,2001-04-02,Product Engineer,Property,High Net Worth,N,á ,No,2.0
3617,Jessa,Milnthorpe,Female,11,1990-05-06,Structural Analysis Engineer,Manufacturing,Mass Customer,N,ÃÃÃÃËÃÃï£¿ÃÃÃâ,Yes,3.0
3618,Evyn,Rouby,Male,2,1966-04-28,Statistician IV,Retail,Affluent Customer,N,âââ,Yes,19.0
3619,Myranda,Cridland,Female,18,1996-02-17,Administrative Assistant IV,,Mass Customer,N,<svg><script>0<1>alert('XSS')</script>,Yes,1.0
3620,Gerry,Ackhurst,Male,21,1991-07-30,Computer Systems Analyst II,Retail,Mass Customer,N,é¨è½æ ¼,No,5.0
3621,Umeko,Hearfield,Female,13,1975-01-16,Developer IV,Health,High Net Worth,N,Ã¥ÃâÆÂ©ËâËÂ¬â¦Ã¦,No,15.0
3622,Anetta,Brosenius,Female,84,1983-09-02,Compensation Analyst,Financial Services,Mass Customer,N,1,No,2.0
3623,Oren,Barwack,Male,56,1984-11-25,Senior Quality Engineer,Manufacturing,Affluent Customer,N,â«testâ«,Yes,15.0
3624,Lenka,,Female,54,1984-10-16,Cost Accountant,Financial Services,Mass Customer,N,-1,Yes,7.0
3625,Cammie,Rubinfeld,Female,24,1953-11-30,VP Marketing,Manufacturing,High Net Worth,N,-1,Yes,18.0
3626,Cora,Hince,Female,86,1978-09-02,Senior Cost Accountant,Financial Services,Mass Customer,N,testâ testâ«,Yes,12.0
3627,Loren,Pischof,Male,92,1961-08-12,Teacher,Health,High Net Worth,N,,Yes,14.0
3628,Sharron,Gaynes,Female,47,1974-10-17,Financial Advisor,Financial Services,Mass Customer,N,â©testâ©,Yes,14.0
3629,Vale,Starcks,Female,17,1976-10-29,Editor,Health,High Net Worth,N,nil,No,22.0
3630,Jeni,Heymes,Female,16,1978-11-15,Tax Accountant,Property,Affluent Customer,N,",./;'[]\-=",Yes,8.0
3631,Mignonne,Barwood,Female,76,1962-07-01,Project Manager,IT,High Net Worth,N,ð¾ ð ð ð ð ð ð ð§,Yes,16.0
3632,Elena,Sandys,Female,82,1990-03-27,Teacher,,Mass Customer,N,Ù¡Ù¢Ù£,No,9.0
3633,Donavon,Ainsby,Male,32,1983-04-18,Biostatistician III,Health,Mass Customer,N,,No,5.0
3634,Clemence,Kornas,Female,35,1963-06-01,Speech Pathologist,,High Net Worth,N,ËÉnbá´lÉ ÉuÆÉÉ¯ ÇÉ¹olop ÊÇ ÇÉ¹oqÉl Ên Êunpá´pá´Éuá´ É¹odÉ¯ÇÊ poÉ¯sná´Ç op pÇs 'Êá´lÇ Æuá´Ésá´dá´pÉ É¹nÊÇÊÉÇsuoÉ 'ÊÇÉ¯É Êá´s É¹olop É¯nsdá´ É¯ÇÉ¹oË¥,Yes,15.0
3635,Elset,,Female,51,1977-07-06,VP Marketing,Retail,High Net Worth,N,ï¾ï½¥â¿ã¾â²(ï½¡ââ¿âï½¡)â±â¿ï½¥ï¾,No,9.0
3636,Trudi,Bickerstasse,Female,42,1970-06-24,Director of Sales,Financial Services,Mass Customer,N,Ì¦HÍÌ¬Ì¤ÌÌ¤eÍ ÍÌÌ¥ÌÌ»ÍÌwÌhÌÌ¯ÍoÌÍÌÍÌ±Ì® ÒÌºÌÌÌÍWÌ·Ì¼Ì­aÌºÌªÍiÌ¨ÍÍÌ­ÍÌ¯ÌtÌ¶Ì¼Ì®sÌÌÍÍ Ì Ì«Ì BÌ»ÍÍÍÍÌ³eÌµhÌµÌ¬ÍÌ«ÍiÌÌ¹ÍÌ³Ì³Ì®ÍÌ«nÍdÌ´ÌªÌÌ ÍÌ°ÍÌ©ÍÍÍÌ²TÍ¢ÍÌ¼ÍÌªhÍÍÌ®Ì»eÌ¬ÌÍÌ Ì¤Ì¹ÌWÍÍÍÌÌÍÍaÍÍÍÌ¹Ì¼,Yes,18.0
3637,Luigi,Edgeworth,Male,84,1958-01-01,,Manufacturing,Affluent Customer,N,åè£½æ¼¢èª,Yes,11.0
3638,Fifi,Dorrins,Female,73,1996-05-04,Associate Professor,Manufacturing,Mass Customer,N,â¡,No,6.0
3639,Megan,Perrygo,Female,49,1974-01-11,Food Chemist,Health,High Net Worth,N,-0.5,No,15.0
3640,Merralee,Forman,Female,64,1985-04-28,Staff Scientist,,Mass Customer,N,0ï¸â£ 1ï¸â£ 2ï¸â£ 3ï¸â£ 4ï¸â£ 5ï¸â£ 6ï¸â£ 7ï¸â£ 8ï¸â£ 9ï¸â£ ð,No,10.0
3641,Wolfie,Hoyes,Male,78,1975-10-02,Civil Engineer,Manufacturing,Affluent Customer,N,á,No,12.0
3642,Ardith,Portigall,Female,39,1962-05-21,,,Affluent Customer,N,Ì¦HÍÌ¬Ì¤ÌÌ¤eÍ ÍÌÌ¥ÌÌ»ÍÌwÌhÌÌ¯ÍoÌÍÌÍÌ±Ì® ÒÌºÌÌÌÍWÌ·Ì¼Ì­aÌºÌªÍiÌ¨ÍÍÌ­ÍÌ¯ÌtÌ¶Ì¼Ì®sÌÌÍÍ Ì Ì«Ì BÌ»ÍÍÍÍÌ³eÌµhÌµÌ¬ÍÌ«ÍiÌÌ¹ÍÌ³Ì³Ì®ÍÌ«nÍdÌ´ÌªÌÌ ÍÌ°ÍÌ©ÍÍÍÌ²TÍ¢ÍÌ¼ÍÌªhÍÍÌ®Ì»eÌ¬ÌÍÌ Ì¤Ì¹ÌWÍÍÍÌÌÍÍaÍÍÍÌ¹Ì¼,Yes,8.0
3643,Bettye,Dumberrill,Female,62,1971-02-08,Technical Writer,,Mass Customer,N,-0.5,No,15.0
3644,Peder,Frotton,Male,13,1968-01-18,Physical Therapy Assistant,Financial Services,High Net Worth,N,-0.5,Yes,17.0
3645,Cozmo,Rylstone,Male,47,1961-07-04,Structural Analysis Engineer,Manufacturing,High Net Worth,N,/dev/null; touch /tmp/blns.fail ; echo,No,14.0
3646,Allene,Pauly,Female,0,1981-10-22,Social Worker,Health,Mass Customer,N,"×Ö¼Ö°×¨Öµ××©×Ö´××ª, ×Ö¼Ö¸×¨Ö¸× ×Ö±×Ö¹×Ö´××, ×Öµ×ª ×Ö·×©Ö¼×Ö¸×Ö·×Ö´×, ×Ö°×Öµ×ª ×Ö¸×Ö¸×¨Ö¶×¥",No,4.0
3647,Carlyle,Frape,Male,62,1971-11-07,Marketing Manager,,Affluent Customer,N,../../../../../../../../../../../etc/passwd%00,No,4.0
3648,Tracie,Bartolomeoni,Female,82,1954-02-21,Paralegal,Financial Services,Mass Customer,N,1,No,5.0
3649,Jayne,Gawthrope,Female,66,1977-07-12,Office Assistant II,Property,Mass Customer,N,1000000000000000049861653971908893017010268485438462151574892930611988399099305815384459015356416,Yes,12.0
3650,Darrelle,Rosas,Female,85,1999-10-21,Office Assistant I,IT,Mass Customer,N,../../../../../../../../../../../etc/hosts,Yes,2.0
3651,Baxie,,Male,91,1999-11-15,Human Resources Assistant I,Manufacturing,Mass Customer,N,nil,No,2.0
3652,Aldrich,Camble,Male,20,1955-02-06,Nurse,Health,High Net Worth,N,`ââ¬â¹âºï¬ï¬â¡Â°Â·ââÂ±,Yes,17.0
3653,Devlen,Perrett,Male,7,1991-01-04,Environmental Specialist,,Mass Customer,N,!@#$%^&*(),Yes,8.0
3654,Kenyon,Paddefield,,78,,Electrical Engineer,Manufacturing,Mass Customer,N,,No,
3655,Waldemar,Mostin,Male,82,1974-06-01,,,Mass Customer,N,ZÌ®ÌÍÌ ÍÍAÌ¥ÌÌÍÌ»ÌLÌ£ÍÍÌ¯Ì¹ÌÍGÌ»OÌ­ÌÌ®,Yes,19.0
3656,Talia,Sidnell,Female,14,1976-12-24,,Property,Mass Customer,N,!@#$%^&*(),Yes,3.0
3657,Wyatan,Rogeon,Male,95,1961-07-24,,,High Net Worth,N,ð¾ ð ð ð ð ð ð ð,No,8.0
3658,Bo,Vell,Male,15,1962-10-20,,Entertainment,Mass Customer,N,,Yes,9.0
3659,Farra,Catto,Female,76,1976-12-23,VP Sales,Financial Services,High Net Worth,N,â°â´âµ,No,10.0
3660,Gradeigh,Hothersall,Male,99,1981-03-14,Administrative Assistant IV,Financial Services,Mass Customer,N,ZÌ®ÌÍÌ ÍÍAÌ¥ÌÌÍÌ»ÌLÌ£ÍÍÌ¯Ì¹ÌÍGÌ»OÌ­ÌÌ®,No,7.0
3661,Tadeas,Shitliff,Male,34,1965-12-18,Research Associate,Manufacturing,Mass Customer,N,NIL,Yes,7.0
3662,Pippo,Cator,Male,79,1977-12-30,Community Outreach Specialist,Retail,Mass Customer,N,â¢,No,15.0
3663,Hermy,Casement,Male,62,1998-02-10,Information Systems Manager,,Affluent Customer,N,1/0,No,1.0
3664,Faina,Czaja,Female,5,1990-02-23,Software Test Engineer I,Manufacturing,Mass Customer,N,Î©âÃ§ââ«ËÂµâ¤â¥Ã·,Yes,7.0
3665,Toma,Klaaasen,Female,19,1989-03-23,Dental Hygienist,Health,Mass Customer,N,"'""''''""",No,6.0
3666,Mathew,Marousek,Male,56,1957-03-27,Statistician II,Health,High Net Worth,N,â¢,No,10.0
3667,Nettie,Goghin,Female,3,1983-02-06,Graphic Designer,Retail,Mass Customer,N,-100,Yes,8.0
3668,Katlin,Ragsdale,Female,79,1955-02-09,Desktop Support Technician,Property,Mass Customer,N,â¢,Yes,6.0
3669,Maynard,Isaq,Male,11,1977-06-18,Design Engineer,Manufacturing,Affluent Customer,N,Ì¡ÍÍÌIÍÌÌÌ¦nÍÍÍvÌ®Ì«okÌ²Ì«ÌÍiÌÍÌ­Ì¹Ì ÌnÌ¡Ì»Ì®Ì£ÌºgÌ²ÍÍÌ­ÍÌ¬Í Ì°tÍÌ¦hÌÌ²eÌ¢Ì¤ ÍÌ¬Ì²ÍfÌ´ÌÍÌ£eÍÍeÌ£Ì¥Ì©lÍÍÍiÍ ÍÍÌ¦nÍÍÌÍÌ³Ì®gÍ Ì¨oÍ¡ÍÌªfÌÌ£Ì¬ ÌÌÍÌÍÌ®cÒÍÌ«ÍÍÍÍÍhÌµÌ¤Ì£ÍÍaÍÌÌ¼ÍÍoÌ¼Ì£Ì¥sÍ¢Ì±ÍÌºÌÌ¦Ì».ÌÌ,No,18.0
3670,Leupold,Bernardini,Male,62,1977-03-20,,Financial Services,Affluent Customer,N,â©testâ©,Yes,17.0
3671,Crystie,Deshorts,Female,98,1992-01-05,Programmer Analyst III,,Affluent Customer,N,nil,No,7.0
3672,Werner,Yglesias,Male,32,1987-05-25,,IT,Mass Customer,N,../../../../../../../../../../../etc/passwd%00,Yes,13.0
3673,Tobin,Fucher,Male,72,1979-09-28,,Manufacturing,Mass Customer,N,-0.5,Yes,11.0
3674,Rodger,Gores,Male,59,1998-12-24,Tax Accountant,Property,Mass Customer,N,"Ø«Ù ÙÙØ³ Ø³ÙØ·Øª ÙØ¨Ø§ÙØªØ­Ø¯ÙØ¯Ø, Ø¬Ø²ÙØ±ØªÙ Ø¨Ø§Ø³ØªØ®Ø¯Ø§Ù Ø£Ù Ø¯ÙÙ. Ø¥Ø° ÙÙØ§Ø Ø§ÙØ³ØªØ§Ø± ÙØªÙØµÙØ¨ ÙØ§Ù. Ø£ÙÙÙ Ø§ÙØ·Ø§ÙÙØ§Ø Ø¨Ø±ÙØ·Ø§ÙÙØ§-ÙØ±ÙØ³Ø§ ÙØ¯ Ø£Ø®Ø°. Ø³ÙÙÙØ§ÙØ Ø¥ØªÙØ§ÙÙØ© Ø¨ÙÙ ÙØ§, ÙØ°ÙØ± Ø",No,3.0
3675,Samuele,Heller,Male,88,1999-12-17,Analog Circuit Design manager,Property,Affluent Customer,N,á ,Yes,1.0
3676,Derk,Willingale,Male,27,1965-12-15,Health Coach I,Health,Affluent Customer,N,ã,No,11.0
3677,Bartel,Fonteyne,Male,3,1986-07-11,Senior Financial Analyst,Financial Services,Mass Customer,N,â«testâ«,Yes,20.0
3678,Tonya,Worthington,Female,52,1969-08-06,Engineer IV,Manufacturing,Mass Customer,N,`ââ¬â¹âºï¬ï¬â¡Â°Â·ââÂ±,No,19.0
3679,Murielle,Klimkov,Female,72,1992-05-05,Developer II,,High Net Worth,N,-1,No,6.0
3680,Sawyere,Onele,Male,17,1983-08-11,Accountant I,Retail,High Net Worth,N,0,No,3.0
3681,Doll,Benedicto,Female,90,1962-02-06,Community Outreach Specialist,Property,Mass Customer,N,â£,Yes,20.0
3682,Dukie,Asson,Male,94,1978-06-15,GIS Technical Architect,Financial Services,Mass Customer,N,ÌÌºÍÌ¹Ì¯ÍTÌ±Ì¤ÍÌ¥ÍÍhÍÌ²eÍÍÌ¼ÌÌÌ¼Ì£Í ÍÌÌ±Ì ÍÍÍNÍ ÍeÌÌ±zÌÌÌÌºÍpÌ¤ÌºÌ¹ÍÌ¯ÍeÍÌ Ì»Ì rÌ¨Ì¤ÍÌºÌÍÌÌdÍÌ ÌÌ­Ì¬ÌiÌ¦ÍÌ©ÍÍÌ¤aÌ ÌÌ¬ÍÌnÍÍ Ì»ÌÌ°ÍÍhÌµÍiÌ³ÌvÌ¢ÍeÍÌ­Í-ÒÌ­Ì©Ì¼ÍmÌ¤Ì­Ì«iÍÍÌÌ¦nÌÍdÌ£Ì ÍÌ¯Ì²ÍoÌ¨ÌÌ¯Ì°Ì²,Yes,11.0
3683,Lorain,Maliphant,Female,67,1957-03-30,Chief Design Engineer,,Mass Customer,N,ð,Yes,11.0
3684,Jeffie,Mortell,Male,13,1974-04-25,Food Chemist,Health,High Net Worth,N,Ì¡ÍÍÌIÍÌÌÌ¦nÍÍÍvÌ®Ì«okÌ²Ì«ÌÍiÌÍÌ­Ì¹Ì ÌnÌ¡Ì»Ì®Ì£ÌºgÌ²ÍÍÌ­ÍÌ¬Í Ì°tÍÌ¦hÌÌ²eÌ¢Ì¤ ÍÌ¬Ì²ÍfÌ´ÌÍÌ£eÍÍeÌ£Ì¥Ì©lÍÍÍiÍ ÍÍÌ¦nÍÍÌÍÌ³Ì®gÍ Ì¨oÍ¡ÍÌªfÌÌ£Ì¬ ÌÌÍÌÍÌ®cÒÍÌ«ÍÍÍÍÍhÌµÌ¤Ì£ÍÍaÍÌÌ¼ÍÍoÌ¼Ì£Ì¥sÍ¢Ì±ÍÌºÌÌ¦Ì».ÌÌ,Yes,4.0
3685,Solomon,Ruffles,Male,86,1989-06-12,Human Resources Manager,Financial Services,Affluent Customer,N,() { 0; }; touch /tmp/blns.shellshock1.fail;,Yes,16.0
3686,Shirley,Siss,Female,20,1976-08-06,,Financial Services,High Net Worth,N,ï½ï½¨(Â´âï½â©,Yes,15.0
3687,Jessie,Wards,Male,84,1971-10-14,Software Engineer III,Manufacturing,Mass Customer,N,../../../../../../../../../../../etc/hosts,Yes,14.0
3688,Fritz,Le Merchant,Male,87,1994-04-27,General Manager,IT,Affluent Customer,N,Â¸ËÃâÄ±ËÃÂ¯ËÂ¿,Yes,5.0
3689,Orel,Joncic,Female,26,1967-09-25,,Health,Mass Customer,N,ÅâÂ´â°ËÃÂ¨ËÃâââ,Yes,7.0
3690,Sheela,Nutton,Female,86,1957-05-11,Chemical Engineer,Manufacturing,Mass Customer,N,"'""''''""",No,17.0
3691,Mathew,Seid,Male,73,1973-08-16,Environmental Tech,Retail,Affluent Customer,N,â£,No,11.0
3692,Linea,Kubica,Female,47,1961-11-05,Business Systems Development Analyst,,High Net Worth,N,../../../../../../../../../../../etc/passwd%00,Yes,6.0
3693,Brenna,Raft,Female,58,1985-01-19,,Manufacturing,Affluent Customer,N,"Ø«Ù ÙÙØ³ Ø³ÙØ·Øª ÙØ¨Ø§ÙØªØ­Ø¯ÙØ¯Ø, Ø¬Ø²ÙØ±ØªÙ Ø¨Ø§Ø³ØªØ®Ø¯Ø§Ù Ø£Ù Ø¯ÙÙ. Ø¥Ø° ÙÙØ§Ø Ø§ÙØ³ØªØ§Ø± ÙØªÙØµÙØ¨ ÙØ§Ù. Ø£ÙÙÙ Ø§ÙØ·Ø§ÙÙØ§Ø Ø¨Ø±ÙØ·Ø§ÙÙØ§-ÙØ±ÙØ³Ø§ ÙØ¯ Ø£Ø®Ø°. Ø³ÙÙÙØ§ÙØ Ø¥ØªÙØ§ÙÙØ© Ø¨ÙÙ ÙØ§, ÙØ°ÙØ± Ø",Yes,21.0
3694,Antoni,MacAllister,Male,91,1984-04-19,,Health,Mass Customer,N,",ãã»:*:ã»ãâ( â» Ï â» )ãã»:*:ã»ãâ",Yes,10.0
3695,Lem,Clamp,Male,33,1978-02-27,Account Coordinator,Entertainment,Affluent Customer,N,á ,Yes,3.0
3696,Orlan,Dunning,Male,27,1962-12-11,Senior Financial Analyst,Financial Services,High Net Worth,N,,No,15.0
3697,Zebedee,Christal,Male,47,1978-10-10,Recruiting Manager,,Mass Customer,N,ð©ð½,Yes,8.0
3698,Devon,Baudic,Female,49,1995-10-03,Geological Engineer,Manufacturing,Mass Customer,N,ï½ï½¨(Â´âï½â©,No,4.0
3699,Lillian,Somerfield,Female,40,1990-10-08,Recruiting Manager,Manufacturing,Mass Customer,N,(ï½¡â â âï½¡),No,5.0
3700,Lazar,Restall,Male,64,1971-09-06,Associate Professor,Entertainment,Mass Customer,N,ï¾ï½¥â¿ã¾â²(ï½¡ââ¿âï½¡)â±â¿ï½¥ï¾,No,19.0
3701,Anstice,Dunsmuir,Female,93,1974-01-20,Physical Therapy Assistant,,Affluent Customer,N,() { _; } >_[$($())] { touch /tmp/blns.shellshock2.fail; },No,9.0
3702,Floyd,Meharry,Male,74,1993-02-18,Biostatistician IV,Health,Mass Customer,N,ã½à¼¼àºÙÍàºà¼½ï¾ ã½à¼¼àºÙÍàºà¼½ï¾,No,10.0
3703,Kelvin,Oldford,Male,37,1973-06-18,Teacher,Property,Affluent Customer,N,Ù¡Ù¢Ù£,No,9.0
3704,Haslett,Ropars,Male,54,1975-05-08,Health Coach III,Health,High Net Worth,N,á,Yes,6.0
3705,Tedmund,Clawsley,Male,26,1971-12-04,,Manufacturing,Mass Customer,N,"__ï¾(,_,*)",Yes,15.0
3706,Darby,Jellett,Male,20,1966-04-03,Assistant Professor,Argiculture,Affluent Customer,N,ç¤¾æç§å­¸é¢èªå­¸ç ç©¶æ,Yes,10.0
3707,Marten,Posnette,Male,10,1993-05-16,Senior Editor,Retail,Mass Customer,N,100,Yes,4.0
3708,Lois,Laskey,Female,72,1963-05-15,Cost Accountant,Financial Services,Mass Customer,N,-100,No,19.0
3709,Lilly,Roubay,Female,31,1955-03-31,GIS Technical Architect,Health,Mass Customer,N,â©testâ©,No,8.0
3710,Sallyann,Stangoe,Female,12,1974-08-22,Physical Therapy Assistant,,Mass Customer,N,"'""''''""",No,13.0
3711,Ellene,Scinelli,Female,61,1961-05-04,Associate Professor,Manufacturing,Affluent Customer,N,0/0,Yes,9.0
3712,Esmeralda,Klousner,Female,22,1957-07-12,Recruiting Manager,Financial Services,Mass Customer,N,â¦testâ§,No,19.0
3713,Cynthy,Snoad,Female,72,1993-02-03,,Telecommunications,High Net Worth,N,á ,Yes,8.0
3714,Lemuel,Gerram,Male,83,1962-03-30,VP Sales,Manufacturing,Mass Customer,N,1/0,No,6.0
3715,Willow,Rusbridge,Female,19,1974-11-08,Computer Systems Analyst I,Argiculture,High Net Worth,N,"<>?:""{}|_+",Yes,10.0
3716,Kari,Bamlett,Female,81,1998-08-24,,Retail,Affluent Customer,N,ã,No,1.0
3717,Arlin,Woollacott,Male,88,1958-12-07,Senior Financial Analyst,Financial Services,Mass Customer,N,"Ø«Ù ÙÙØ³ Ø³ÙØ·Øª ÙØ¨Ø§ÙØªØ­Ø¯ÙØ¯Ø, Ø¬Ø²ÙØ±ØªÙ Ø¨Ø§Ø³ØªØ®Ø¯Ø§Ù Ø£Ù Ø¯ÙÙ. Ø¥Ø° ÙÙØ§Ø Ø§ÙØ³ØªØ§Ø± ÙØªÙØµÙØ¨ ÙØ§Ù. Ø£ÙÙÙ Ø§ÙØ·Ø§ÙÙØ§Ø Ø¨Ø±ÙØ·Ø§ÙÙØ§-ÙØ±ÙØ³Ø§ ÙØ¯ Ø£Ø®Ø°. Ø³ÙÙÙØ§ÙØ Ø¥ØªÙØ§ÙÙØ© Ø¨ÙÙ ÙØ§, ÙØ°ÙØ± Ø",Yes,18.0
3718,Damiano,,,22,,Geologist IV,IT,Mass Customer,N,,Yes,
3719,Dorette,Attridge,Female,26,1956-10-19,Sales Representative,Retail,Mass Customer,N,âââ,No,6.0
3720,Adelice,Tams,Female,23,1972-08-15,,,Mass Customer,N,â¡,No,15.0
3721,Merrili,Potticary,Female,84,1994-10-13,Senior Quality Engineer,Financial Services,Mass Customer,N,",./;'[]\-=",Yes,7.0
3722,Merilee,Hammerson,Female,69,1975-11-07,,Retail,Mass Customer,N,ðµ ð ð ð,No,7.0
3723,Justine,Pirt,Female,31,1993-10-22,Accountant II,Financial Services,High Net Worth,N,ãã¼ãã£ã¼ã¸è¡ããªãã,No,7.0
3724,Griffith,Minor,Male,24,1976-03-23,,IT,Affluent Customer,N,,No,9.0
3725,Elisha,Venny,Male,37,1970-07-21,Research Assistant II,,Mass Customer,N,ð¾ ð ð ð ð ð ð ð,Yes,5.0
3726,Ange,Austick,Female,36,1976-06-17,GIS Technical Architect,Property,Mass Customer,N,"Ø«Ù ÙÙØ³ Ø³ÙØ·Øª ÙØ¨Ø§ÙØªØ­Ø¯ÙØ¯Ø, Ø¬Ø²ÙØ±ØªÙ Ø¨Ø§Ø³ØªØ®Ø¯Ø§Ù Ø£Ù Ø¯ÙÙ. Ø¥Ø° ÙÙØ§Ø Ø§ÙØ³ØªØ§Ø± ÙØªÙØµÙØ¨ ÙØ§Ù. Ø£ÙÙÙ Ø§ÙØ·Ø§ÙÙØ§Ø Ø¨Ø±ÙØ·Ø§ÙÙØ§-ÙØ±ÙØ³Ø§ ÙØ¯ Ø£Ø®Ø°. Ø³ÙÙÙØ§ÙØ Ø¥ØªÙØ§ÙÙØ© Ø¨ÙÙ ÙØ§, ÙØ°ÙØ± Ø",No,19.0
3727,Eba,Youle,,65,,Assistant Professor,IT,Mass Customer,N,,No,
3728,Chanda,Garmons,Female,27,1986-09-01,Technical Writer,Property,Affluent Customer,N,,Yes,21.0
3729,Armand,McNish,Male,6,1960-12-16,Financial Analyst,Financial Services,Mass Customer,N,`ââ¬â¹âºï¬ï¬â¡Â°Â·ââÂ±,No,19.0
3730,Joann,Clemson,Female,85,1960-02-18,Junior Executive,Manufacturing,Affluent Customer,N,../../../../../../../../../../../etc/passwd%00,No,6.0
3731,Jandy,Rodgers,Female,91,1991-10-27,Chief Design Engineer,,Mass Customer,N,,No,8.0
3732,Shawn,De Hooge,Female,47,1992-06-07,Research Associate,Manufacturing,Mass Customer,N,100,No,2.0
3733,Shelden,Rodenburg,Male,70,1977-11-01,,,Mass Customer,N,â°â´âµ,No,11.0
3734,Trixi,Wickes,Female,46,1977-01-07,Help Desk Technician,Manufacturing,Mass Customer,N,-100,No,21.0
3735,Cchaddie,Heffron,Male,91,1961-12-02,Senior Quality Engineer,Entertainment,Mass Customer,N,(ï¾à²¥çà²¥ï¼ï¾ï»¿ â»ââ»,No,15.0
3736,Charles,Brounfield,Male,64,1992-03-13,Senior Developer,Argiculture,Mass Customer,N,',Yes,10.0
3737,Elyssa,De Witt,Female,86,1981-03-21,Design Engineer,Manufacturing,Affluent Customer,N,1'; DROP TABLE users--,No,8.0
3738,Lucila,Smalls,Female,19,1959-12-19,Professor,Financial Services,High Net Worth,N,Â¸ËÃâÄ±ËÃÂ¯ËÂ¿,Yes,19.0
3739,Gates,Nelthorpe,Female,59,1991-08-27,Environmental Tech,IT,High Net Worth,N,"""'",No,5.0
3740,Rania,Poulter,Female,82,1979-12-03,Dental Hygienist,Health,Mass Customer,N,Ù¡Ù¢Ù£,No,8.0
3741,Mollee,Jeavons,Female,19,1970-02-01,Nurse,,Affluent Customer,N,../../../../../../../../../../../etc/passwd%00,Yes,16.0
3742,Veda,Faill,Female,79,1961-11-09,Editor,Property,High Net Worth,N,â°â´âµâââ,Yes,16.0
3743,Riki,Aimable,Female,85,1986-08-02,Tax Accountant,Property,Mass Customer,N,Ã¥ÃâÆÂ©ËâËÂ¬â¦Ã¦,No,22.0
3744,Franchot,Loeber,Male,57,1981-01-05,,Financial Services,Mass Customer,N,-0.5,Yes,9.0
3745,Randy,Duligall,Female,90,1977-12-05,Dental Hygienist,Health,Mass Customer,N,ï»¿,Yes,20.0
3746,Thaddeus,McLurg,Male,64,1961-09-01,Developer II,,Affluent Customer,N,`ââ¬â¹âºï¬ï¬â¡Â°Â·ââÂ±,Yes,16.0
3747,Valerye,Yukhtin,Female,8,1990-02-24,Web Developer IV,Manufacturing,Mass Customer,N,1,Yes,10.0
3748,Maurise,Beal,Male,82,1956-01-10,Staff Scientist,,Affluent Customer,N,åè£½æ¼¢èª,Yes,18.0
3749,Blondelle,Swynley,Female,3,2001-04-21,,IT,Affluent Customer,N,!@#$%^&*(),No,1.0
3750,Yanaton,Beacom,Male,78,1972-04-14,Chemical Engineer,Manufacturing,Affluent Customer,N,Ã¥ÃâÆÂ©ËâËÂ¬â¦Ã¦,Yes,6.0
3751,Millicent,Nacci,Female,44,1978-12-28,Environmental Specialist,,Affluent Customer,N,<svg><script>0<1>alert('XSS')</script>,Yes,13.0
3752,Peta,Nunes Nabarro,Female,67,1961-09-15,Administrative Assistant I,Argiculture,Affluent Customer,N,,Yes,16.0
3753,Ebony,Peagrim,Female,16,1997-08-21,Office Assistant II,Manufacturing,Mass Customer,N,â¦testâ§,No,3.0
3754,Emmy,MacGibbon,Female,74,1961-02-16,,Telecommunications,Mass Customer,N,-100,No,19.0
3755,Stephen,Garnar,Male,38,1994-05-10,Chief Design Engineer,Financial Services,High Net Worth,N,nil,Yes,7.0
3756,Barry,,Male,22,1977-07-08,,,Affluent Customer,N,-1,No,10.0
3757,Hyacinthia,Crain,Female,75,1999-09-12,Information Systems Manager,,Affluent Customer,N,(â¯Â°â¡Â°ï¼â¯ï¸µ â»ââ»),No,2.0
3758,Naomi,Whiles,Female,71,1959-07-30,Recruiting Manager,Telecommunications,Mass Customer,N,ì¬íê³¼íì ì´íì°êµ¬ì,Yes,12.0
3759,Sue,Batstone,Female,68,1995-03-04,Programmer IV,Property,Mass Customer,N,â°â´âµ,Yes,4.0
3760,Bryana,Vennart,Female,73,1976-06-09,,Financial Services,Mass Customer,N,â£,No,18.0
3761,Zarla,Seyers,Female,87,1973-07-20,Biostatistician II,Telecommunications,Mass Customer,N,<script>alert('hi')</script>,Yes,13.0
3762,Marinna,Ors,Female,48,1967-03-22,,Property,Mass Customer,N,nil,No,14.0
3763,Law,Jore,Male,37,1981-01-27,Quality Control Specialist,,Affluent Customer,N,ã½à¼¼àºÙÍàºà¼½ï¾ ã½à¼¼àºÙÍàºà¼½ï¾,Yes,20.0
3764,Nonie,Newson,Female,29,1957-05-06,Cost Accountant,Financial Services,Mass Customer,N,,Yes,15.0
3765,Bobbe,Lomaz,Female,20,1963-06-01,Automation Specialist IV,Property,Mass Customer,N,ð©ð½,No,18.0
3766,Marcos,Algar,Male,47,1970-04-13,Desktop Support Technician,Financial Services,Mass Customer,N,"<>?:""{}|_+",Yes,19.0
3767,Man,Bigglestone,Male,25,1982-09-14,Web Developer IV,,High Net Worth,N,"'""''''""",No,16.0
3768,Christina,Grevatt,Female,44,1971-01-17,Senior Financial Analyst,Financial Services,Mass Customer,N,ãã¼ãã£ã¼ã¸è¡ããªãã,Yes,14.0
3769,Kerry,Wooldridge,Male,40,1993-01-19,Desktop Support Technician,Health,High Net Worth,N,-1,Yes,5.0
3770,Caddric,Ruddiforth,Male,54,1988-02-02,Legal Assistant,Argiculture,Mass Customer,N,"""'",No,17.0
3771,Pippy,Matysiak,Female,78,1974-09-08,Electrical Engineer,Manufacturing,Mass Customer,N,1,No,17.0
3772,Anselma,Rennie,Female,45,1999-02-07,Physical Therapy Assistant,Manufacturing,Mass Customer,N,"'""''''""",Yes,2.0
3773,Wadsworth,Ruselin,Male,44,1976-02-06,Accountant I,,Affluent Customer,N,<script>alert('hi')</script>,Yes,18.0
3774,Elizabeth,Christy,Female,38,1998-11-07,Statistician I,Property,High Net Worth,N,100,No,2.0
3775,Avie,Cleator,Female,16,1985-02-13,,Health,Affluent Customer,N,-100,No,8.0
3776,Kennie,Baszniak,Male,46,1977-05-02,Recruiter,Retail,Mass Customer,N,ÃÃÃÃËÃÃï£¿ÃÃÃâ,Yes,19.0
3777,Letty,Giacobelli,Female,13,1969-06-12,Cost Accountant,Financial Services,High Net Worth,N,ì¬íê³¼íì ì´íì°êµ¬ì,Yes,6.0
3778,Ilaire,Redborn,Male,99,1971-06-09,Dental Hygienist,Health,High Net Worth,N,",ãã»:*:ã»ãâ( â» Ï â» )ãã»:*:ã»ãâ",No,10.0
3779,Ulick,Daspar,,68,,,IT,Affluent Customer,N,,No,
3780,Mitchel,Bellefant,Male,10,1993-11-01,Desktop Support Technician,Financial Services,High Net Worth,N,1,No,8.0
3781,Karalee,Hosten,Female,30,1961-10-16,Graphic Designer,Retail,Mass Customer,N,â°â´âµâââ,Yes,12.0
3782,Elijah,Drillot,Male,12,1973-06-13,Environmental Specialist,Financial Services,Mass Customer,N,ï¼ï¼ï¼,No,11.0
3783,Eachelle,Girardey,Female,61,1974-08-29,Compensation Analyst,Financial Services,Mass Customer,N,(ï¾à²¥çà²¥ï¼ï¾ï»¿ â»ââ»,No,7.0
3784,Davie,Moscon,Male,56,1983-06-04,,Financial Services,High Net Worth,N,1,No,13.0
3785,Fernande,Jahan,Female,93,1969-04-09,Compensation Analyst,Financial Services,Affluent Customer,N,â°â´âµâââ,No,14.0
3786,Barnie,Blenkensop,Male,12,1985-12-28,Systems Administrator IV,,High Net Worth,N,ã»(ï¿£âï¿£)ã»:*:,No,22.0
3787,Mariejeanne,Kelling,Female,1,1965-10-06,Systems Administrator III,Manufacturing,High Net Worth,N,âªâªtestâª,No,6.0
3788,Wilie,Glanton,Female,73,1962-07-21,Environmental Specialist,Financial Services,Mass Customer,N,ãã¼ãã£ã¼ã¸è¡ããªãã,No,18.0
3789,Conn,Westberg,Male,52,1956-08-08,Civil Engineer,Manufacturing,Mass Customer,N,ðµ ð ð ð,Yes,6.0
3790,Kurtis,Morson,Male,91,1959-05-31,Senior Editor,Retail,Mass Customer,Y,ÌÌºÍÌ¹Ì¯ÍTÌ±Ì¤ÍÌ¥ÍÍhÍÌ²eÍÍÌ¼ÌÌÌ¼Ì£Í ÍÌÌ±Ì ÍÍÍNÍ ÍeÌÌ±zÌÌÌÌºÍpÌ¤ÌºÌ¹ÍÌ¯ÍeÍÌ Ì»Ì rÌ¨Ì¤ÍÌºÌÍÌÌdÍÌ ÌÌ­Ì¬ÌiÌ¦ÍÌ©ÍÍÌ¤aÌ ÌÌ¬ÍÌnÍÍ Ì»ÌÌ°ÍÍhÌµÍiÌ³ÌvÌ¢ÍeÍÌ­Í-ÒÌ­Ì©Ì¼ÍmÌ¤Ì­Ì«iÍÍÌÌ¦nÌÍdÌ£Ì ÍÌ¯Ì²ÍoÌ¨ÌÌ¯Ì°Ì²,Yes,9.0
3791,Bertrand,Sissons,Male,17,1993-05-26,Quality Control Specialist,Health,Affluent Customer,N,,No,6.0
3792,Ingunna,Loxston,Female,81,1976-04-16,VP Marketing,Financial Services,Affluent Customer,N,2018-02-01 00:00:00,Yes,5.0
3793,Shannen,Pitcock,Female,49,1957-05-12,Engineer IV,,Affluent Customer,N,Ã¥ÃâÆÂ©ËâËÂ¬â¦Ã¦,Yes,15.0
3794,Dorrie,Paige,Female,47,1994-07-06,,IT,Mass Customer,N,1/0,No,2.0
3795,Taylor,Dollimore,Male,88,1956-06-24,Systems Administrator III,Argiculture,High Net Worth,N,ç¤¾æç§å­¸é¢èªå­¸ç ç©¶æ,Yes,5.0
3796,Morgen,Sieghart,Male,51,1965-07-27,Paralegal,Financial Services,Mass Customer,N,1000000000000000049861653971908893017010268485438462151574892930611988399099305815384459015356416,Yes,9.0
3797,Kriste,Oldall,Female,76,1979-08-18,Occupational Therapist,Health,Affluent Customer,N,"<>?:""{}|_+",Yes,4.0
3798,Yorker,Dennison,Male,13,1968-02-22,,Manufacturing,Mass Customer,N,1000000000000000049861653971908893017010268485438462151574892930611988399099305815384459015356416,Yes,17.0
3799,Violetta,Monnery,Female,94,1971-01-28,Tax Accountant,Property,High Net Worth,N,",./;'[]\-=",No,18.0
3800,Morena,Ayer,Female,19,1980-10-28,Environmental Tech,,High Net Worth,N,é¨è½æ ¼,No,15.0
3801,Auberta,Andrault,Female,76,1971-03-06,Research Nurse,Health,Mass Customer,N,",ãã»:*:ã»ãâ( â» Ï â» )ãã»:*:ã»ãâ",Yes,17.0
3802,Leila,Elcombe,Female,9,1970-10-27,Chief Design Engineer,Telecommunications,High Net Worth,N,Ì¦HÍÌ¬Ì¤ÌÌ¤eÍ ÍÌÌ¥ÌÌ»ÍÌwÌhÌÌ¯ÍoÌÍÌÍÌ±Ì® ÒÌºÌÌÌÍWÌ·Ì¼Ì­aÌºÌªÍiÌ¨ÍÍÌ­ÍÌ¯ÌtÌ¶Ì¼Ì®sÌÌÍÍ Ì Ì«Ì BÌ»ÍÍÍÍÌ³eÌµhÌµÌ¬ÍÌ«ÍiÌÌ¹ÍÌ³Ì³Ì®ÍÌ«nÍdÌ´ÌªÌÌ ÍÌ°ÍÌ©ÍÍÍÌ²TÍ¢ÍÌ¼ÍÌªhÍÍÌ®Ì»eÌ¬ÌÍÌ Ì¤Ì¹ÌWÍÍÍÌÌÍÍaÍÍÍÌ¹Ì¼,Yes,5.0
3803,Josepha,Finder,Female,54,1961-05-13,Dental Hygienist,Health,Mass Customer,N,!@#$%^&*(),Yes,11.0
3804,Andria,Keays,Female,23,1986-08-21,,Manufacturing,Mass Customer,N,ð¾ ð ð ð ð ð ð ð§,Yes,4.0
3805,Margaret,McSperrin,Female,52,1977-08-16,Software Test Engineer II,Property,Affluent Customer,N,Â¡â¢Â£Â¢âÂ§Â¶â¢ÂªÂºââ ,No,4.0
3806,Ado,Gailor,Male,1,1954-02-08,,Property,Mass Customer,N,Ã¥ÃâÆÂ©ËâËÂ¬â¦Ã¦,No,7.0
3807,Bibby,Goman,Female,73,1976-05-21,Analyst Programmer,Retail,Mass Customer,N,`ââ¬â¹âºï¬ï¬â¡Â°Â·ââÂ±,No,21.0
3808,Cal,Wilber,Male,66,1969-10-11,Recruiting Manager,Manufacturing,Mass Customer,N,ZÌ®ÌÍÌ ÍÍAÌ¥ÌÌÍÌ»ÌLÌ£ÍÍÌ¯Ì¹ÌÍGÌ»OÌ­ÌÌ®,Yes,11.0
3809,Angelita,Itzcovichch,Female,44,1955-09-08,VP Quality Control,Manufacturing,Affluent Customer,N,,No,11.0
3810,Cacilie,Grimoldby,Female,22,1974-09-05,Food Chemist,Health,Affluent Customer,N,',No,5.0
3811,Etta,Leele,Female,60,1997-03-19,,Financial Services,High Net Worth,N,!@#$%^&*(),No,4.0
3812,Sophie,Druhan,Female,91,1977-07-04,VP Product Management,Retail,Mass Customer,N,â°â´âµâââ,Yes,12.0
3813,Skelly,Caudell,Male,12,1979-04-13,Media Manager IV,IT,Mass Customer,N,NIL,Yes,6.0
3814,Constancia,Gebbe,Female,10,1983-07-01,VP Product Management,Financial Services,Mass Customer,N,(ï¾à²¥çà²¥ï¼ï¾ï»¿ â»ââ»,Yes,11.0
3815,Jayson,Gasparro,Male,99,1981-04-19,Librarian,Entertainment,Mass Customer,N,âââ,Yes,5.0
3816,Farra,Klimkiewich,Female,93,1969-10-26,Safety Technician I,Property,Mass Customer,N,<svg><script>0<1>alert('XSS')</script>,Yes,18.0
3817,Tuckie,,Male,65,1957-05-02,VP Product Management,Manufacturing,High Net Worth,N,!@#$%^&*(),No,13.0
3818,Erny,Andryushin,Male,5,1964-08-08,Sales Representative,Retail,Mass Customer,N,() { _; } >_[$($())] { touch /tmp/blns.shellshock2.fail; },Yes,7.0
3819,Alvan,Phillput,Male,62,1978-06-29,Staff Accountant I,,High Net Worth,N,ð ð ±ð ¹ð ±ð ±¸ð ²ð ³,No,3.0
3820,Maren,Ruske,Female,65,1980-03-08,Business Systems Development Analyst,IT,Mass Customer,N,ÌÌºÍÌ¹Ì¯ÍTÌ±Ì¤ÍÌ¥ÍÍhÍÌ²eÍÍÌ¼ÌÌÌ¼Ì£Í ÍÌÌ±Ì ÍÍÍNÍ ÍeÌÌ±zÌÌÌÌºÍpÌ¤ÌºÌ¹ÍÌ¯ÍeÍÌ Ì»Ì rÌ¨Ì¤ÍÌºÌÍÌÌdÍÌ ÌÌ­Ì¬ÌiÌ¦ÍÌ©ÍÍÌ¤aÌ ÌÌ¬ÍÌnÍÍ Ì»ÌÌ°ÍÍhÌµÍiÌ³ÌvÌ¢ÍeÍÌ­Í-ÒÌ­Ì©Ì¼ÍmÌ¤Ì­Ì«iÍÍÌÌ¦nÌÍdÌ£Ì ÍÌ¯Ì²ÍoÌ¨ÌÌ¯Ì°Ì²,No,17.0
3821,Cassandra,Cescotti,Female,96,1988-03-27,VP Marketing,Manufacturing,Affluent Customer,N,"""'",No,14.0
3822,Conny,Speechley,Male,37,1959-03-09,,Manufacturing,High Net Worth,N,100,Yes,18.0
3823,Corabel,Todd,Female,5,1964-12-02,Budget/Accounting Analyst II,Retail,Affluent Customer,N,Î©âÃ§ââ«ËÂµâ¤â¥Ã·,No,4.0
3824,Giffard,Stollman,Male,33,1994-11-21,,Property,Mass Customer,N,,No,3.0
3825,Cinda,Rounds,Female,82,1978-10-12,Recruiting Manager,Health,Mass Customer,N,,No,11.0
3826,Marlow,Balffye,Male,33,1978-09-25,,Health,Mass Customer,N,ðµ ð ð ð,No,7.0
3827,Cherida,Whyffen,Female,10,1976-09-05,,Retail,Affluent Customer,N,ZÌ®ÌÍÌ ÍÍAÌ¥ÌÌÍÌ»ÌLÌ£ÍÍÌ¯Ì¹ÌÍGÌ»OÌ­ÌÌ®,No,8.0
3828,Tessy,Beefon,Female,81,1992-05-12,Dental Hygienist,Health,Mass Customer,N,â¤ï¸ ð ð ð ð ð ð ð ð ð ð ð ð ð ð,No,6.0
3829,Cornie,Hillhouse,Male,68,1980-09-01,Account Coordinator,,Mass Customer,N,<svg><script>0<1>alert('XSS')</script>,Yes,15.0
3830,Jareb,Filippucci,Male,92,1954-10-31,Sales Representative,Retail,High Net Worth,N,ð©ð½,No,8.0
3831,Kory,Mabson,Male,10,1971-06-09,Librarian,Entertainment,Affluent Customer,N,Â¸ËÃâÄ±ËÃÂ¯ËÂ¿,Yes,6.0
3832,Sarajane,Mortimer,Female,30,1973-09-26,Safety Technician III,Financial Services,High Net Worth,N,ÅâÂ´â°ËÃÂ¨ËÃâââ,No,9.0
3833,Jamie,Staziker,Female,88,1985-12-10,Account Coordinator,Manufacturing,Mass Customer,N,"Ø«Ù ÙÙØ³ Ø³ÙØ·Øª ÙØ¨Ø§ÙØªØ­Ø¯ÙØ¯Ø, Ø¬Ø²ÙØ±ØªÙ Ø¨Ø§Ø³ØªØ®Ø¯Ø§Ù Ø£Ù Ø¯ÙÙ. Ø¥Ø° ÙÙØ§Ø Ø§ÙØ³ØªØ§Ø± ÙØªÙØµÙØ¨ ÙØ§Ù. Ø£ÙÙÙ Ø§ÙØ·Ø§ÙÙØ§Ø Ø¨Ø±ÙØ·Ø§ÙÙØ§-ÙØ±ÙØ³Ø§ ÙØ¯ Ø£Ø®Ø°. Ø³ÙÙÙØ§ÙØ Ø¥ØªÙØ§ÙÙØ© Ø¨ÙÙ ÙØ§, ÙØ°ÙØ± Ø",No,16.0
3834,Bianca,Ricket,Female,59,1972-10-31,Compensation Analyst,Financial Services,Mass Customer,N,-0.5,Yes,11.0
3835,Jorgan,Crosoer,Male,19,1959-02-02,Project Manager,,Affluent Customer,N,NIL,No,16.0
3836,Jolee,Stearndale,Female,16,1995-01-25,Electrical Engineer,Manufacturing,Affluent Customer,N,1,Yes,7.0
3837,Alysa,McDiarmid,Female,26,1990-01-17,Professor,,Mass Customer,N,-100,Yes,17.0
3838,Mil,Clemitt,Female,59,1987-03-24,Sales Associate,Financial Services,Affluent Customer,N,Ì¡ÍÍÌIÍÌÌÌ¦nÍÍÍvÌ®Ì«okÌ²Ì«ÌÍiÌÍÌ­Ì¹Ì ÌnÌ¡Ì»Ì®Ì£ÌºgÌ²ÍÍÌ­ÍÌ¬Í Ì°tÍÌ¦hÌÌ²eÌ¢Ì¤ ÍÌ¬Ì²ÍfÌ´ÌÍÌ£eÍÍeÌ£Ì¥Ì©lÍÍÍiÍ ÍÍÌ¦nÍÍÌÍÌ³Ì®gÍ Ì¨oÍ¡ÍÌªfÌÌ£Ì¬ ÌÌÍÌÍÌ®cÒÍÌ«ÍÍÍÍÍhÌµÌ¤Ì£ÍÍaÍÌÌ¼ÍÍoÌ¼Ì£Ì¥sÍ¢Ì±ÍÌºÌÌ¦Ì».ÌÌ,Yes,4.0
3839,Wallie,Christauffour,Female,78,1992-04-25,Account Executive,Manufacturing,High Net Worth,N,0/0,Yes,2.0
3840,Marc,Torrans,Male,27,1962-09-30,,,High Net Worth,N,,No,5.0
3841,Barnebas,Munro,Male,64,1990-01-24,Desktop Support Technician,Manufacturing,Affluent Customer,N,Ì¡ÍÍÌIÍÌÌÌ¦nÍÍÍvÌ®Ì«okÌ²Ì«ÌÍiÌÍÌ­Ì¹Ì ÌnÌ¡Ì»Ì®Ì£ÌºgÌ²ÍÍÌ­ÍÌ¬Í Ì°tÍÌ¦hÌÌ²eÌ¢Ì¤ ÍÌ¬Ì²ÍfÌ´ÌÍÌ£eÍÍeÌ£Ì¥Ì©lÍÍÍiÍ ÍÍÌ¦nÍÍÌÍÌ³Ì®gÍ Ì¨oÍ¡ÍÌªfÌÌ£Ì¬ ÌÌÍÌÍÌ®cÒÍÌ«ÍÍÍÍÍhÌµÌ¤Ì£ÍÍaÍÌÌ¼ÍÍoÌ¼Ì£Ì¥sÍ¢Ì±ÍÌºÌÌ¦Ì».ÌÌ,No,10.0
3842,Van,Durnell,Male,24,1971-07-11,Staff Accountant II,,Mass Customer,N,â©testâ©,Yes,12.0
3843,Mahmoud,Ligerton,Male,0,1989-06-06,Senior Financial Analyst,Financial Services,Mass Customer,N,,Yes,16.0
3844,Clotilda,Oret,Female,87,1987-12-06,,Manufacturing,Affluent Customer,N,ð,No,15.0
3845,Bonnie,Goracci,Female,72,1955-06-07,Legal Assistant,Manufacturing,Mass Customer,N,Â¸ËÃâÄ±ËÃÂ¯ËÂ¿,Yes,5.0
3846,Nariko,McClymont,Female,57,1956-03-12,Geologist III,Manufacturing,Mass Customer,N,"""'",No,15.0
3847,Erinn,Ewing,Female,8,1961-02-12,Analyst Programmer,Health,Mass Customer,N,-1,Yes,14.0
3848,Luca,Cabotto,Male,4,1958-01-13,Structural Engineer,,High Net Worth,N,é¨è½æ ¼,No,13.0
3849,Marice,Morrice,Female,2,1968-01-01,Database Administrator III,Property,Mass Customer,N,ã,Yes,15.0
3850,Alexandro,McCullock,Male,55,2000-01-07,Accountant III,,Mass Customer,N,ç°ä¸­ããã«ããã¦ä¸ãã,Yes,2.0
3851,Fowler,Bauduccio,Male,5,1994-11-30,Senior Sales Associate,Manufacturing,High Net Worth,N,() { 0; }; touch /tmp/blns.shellshock1.fail;,No,3.0
3852,Zerk,Merrien,Male,44,1982-02-04,Help Desk Operator,,Mass Customer,N,ð¾ ð ð ð ð ð ð ð§,No,4.0
3853,Kerri,Marrington,Female,91,1975-06-26,Accounting Assistant IV,,Mass Customer,N,â£,Yes,19.0
3854,Melody,Ivanilov,Female,47,1996-01-16,VP Quality Control,Property,High Net Worth,N,testâ testâ«,Yes,2.0
3855,Brnaby,Doughtery,Male,89,1965-02-26,General Manager,,Mass Customer,N,Ù¡Ù¢Ù£,No,16.0
3856,Shane,Haseldine,Female,74,1992-04-24,Accounting Assistant III,Property,Affluent Customer,N,"×Ö¼Ö°×¨Öµ××©×Ö´××ª, ×Ö¼Ö¸×¨Ö¸× ×Ö±×Ö¹×Ö´××, ×Öµ×ª ×Ö·×©Ö¼×Ö¸×Ö·×Ö´×, ×Ö°×Öµ×ª ×Ö¸×Ö¸×¨Ö¶×¥",No,7.0
3857,Tanner,McCuthais,Male,64,1985-11-26,Structural Engineer,Financial Services,Mass Customer,N,ð¾ ð ð ð ð ð ð ð§,Yes,10.0
3858,Sabina,Tarbin,Female,57,1998-08-31,Librarian,Entertainment,Mass Customer,N,â£,Yes,1.0
3859,Boonie,Searle,Male,81,1956-03-20,Software Consultant,Manufacturing,Mass Customer,N,,No,14.0
3860,Sheila-kathryn,Conklin,Female,14,1986-04-05,Mechanical Systems Engineer,,Affluent Customer,N,ã,Yes,13.0
3861,Thayne,Canepe,Male,87,1968-12-16,Junior Executive,Retail,Affluent Customer,N,â¦testâ§,No,9.0
3862,Casey,Kett,Female,1,1996-09-22,Structural Engineer,Health,Mass Customer,N,,No,4.0
3863,Virgilio,Haverty,Male,30,1985-12-06,Quality Control Specialist,Retail,High Net Worth,N,,No,20.0
3864,Ilyssa,Piaggia,Female,23,1963-08-27,Help Desk Technician,,Mass Customer,N,",./;'[]\-=",Yes,10.0
3865,Urbanus,Fuxman,Male,49,1978-03-15,,Manufacturing,Mass Customer,N,<svg><script>0<1>alert('XSS')</script>,Yes,11.0
3866,Theressa,Morfield,Female,56,1990-07-18,Structural Engineer,Health,Mass Customer,N,ï¾ï½¥â¿ã¾â²(ï½¡ââ¿âï½¡)â±â¿ï½¥ï¾,Yes,9.0
3867,Carmelia,Klimentyonok,Female,14,1998-10-09,Geologist II,IT,Mass Customer,N,ã½à¼¼àºÙÍàºà¼½ï¾ ã½à¼¼àºÙÍàºà¼½ï¾,Yes,1.0
3868,Rica,Corrado,Female,60,1997-06-19,Social Worker,Health,Affluent Customer,N,ì¬íê³¼íì ì´íì°êµ¬ì,Yes,4.0
3869,Amalie,Isabell,Female,58,1974-12-22,Analog Circuit Design manager,Manufacturing,Affluent Customer,N,,No,13.0
3870,Fidelia,Cess,Female,31,1984-10-13,Social Worker,Health,Mass Customer,N,â°â´âµ,No,5.0
3871,Magda,Shugg,Female,80,1983-11-13,Recruiting Manager,,Mass Customer,N,../../../../../../../../../../../etc/hosts,No,4.0
3872,Wilma,Budcock,Female,14,1957-05-15,Sales Representative,Retail,High Net Worth,N,<img src=x onerror=alert('hi') />,Yes,12.0
3873,Sascha,Paolozzi,Male,32,1978-12-05,Compensation Analyst,Financial Services,Mass Customer,N,ËÉnbá´lÉ ÉuÆÉÉ¯ ÇÉ¹olop ÊÇ ÇÉ¹oqÉl Ên Êunpá´pá´Éuá´ É¹odÉ¯ÇÊ poÉ¯sná´Ç op pÇs 'Êá´lÇ Æuá´Ésá´dá´pÉ É¹nÊÇÊÉÇsuoÉ 'ÊÇÉ¯É Êá´s É¹olop É¯nsdá´ É¯ÇÉ¹oË¥,No,11.0
3874,Bendicty,Juste,Male,47,1963-08-14,Actuary,Financial Services,Mass Customer,N,,No,19.0
3875,Berti,Arnould,Male,2,1985-07-27,Electrical Engineer,Manufacturing,Mass Customer,N,,Yes,5.0
3876,Willow,Cutmere,Female,22,1967-05-16,Internal Auditor,Financial Services,High Net Worth,N,ì¬íê³¼íì ì´íì°êµ¬ì,No,16.0
3877,Georgine,Poutress,Female,55,1971-01-28,Account Coordinator,,High Net Worth,N,ZÌ®ÌÍÌ ÍÍAÌ¥ÌÌÍÌ»ÌLÌ£ÍÍÌ¯Ì¹ÌÍGÌ»OÌ­ÌÌ®,No,11.0
3878,Waldon,Digges,Male,99,1978-02-24,Programmer III,,Mass Customer,N,ï¾ï½¥â¿ã¾â²(ï½¡ââ¿âï½¡)â±â¿ï½¥ï¾,No,9.0
3879,Vin,Attack,Male,74,1979-08-28,Payment Adjustment Coordinator,,High Net Worth,N,Â¸ËÃâÄ±ËÃÂ¯ËÂ¿,No,19.0
3880,Donella,Disley,Female,77,1968-01-13,Web Designer I,Manufacturing,Mass Customer,N,ï¼ï¼ï¼,No,14.0
3881,Olivie,Nazair,Female,50,1971-01-12,,Financial Services,Affluent Customer,N,ãã¼ãã£ã¼ã¸è¡ããªãã,No,18.0
3882,Nona,Tubb,Female,18,1976-11-05,Human Resources Assistant III,Health,Mass Customer,N,ð©ð½,Yes,9.0
3883,Nissa,Conrad,,35,,Legal Assistant,IT,Mass Customer,N,,No,
3884,Sibley,Thirlwall,Female,69,1986-02-06,Web Designer II,Manufacturing,High Net Worth,N,"__ï¾(,_,*)",Yes,18.0
3885,Asher,,Male,55,1978-06-17,Actuary,Financial Services,Mass Customer,N,"×Ö¼Ö°×¨Öµ××©×Ö´××ª, ×Ö¼Ö¸×¨Ö¸× ×Ö±×Ö¹×Ö´××, ×Öµ×ª ×Ö·×©Ö¼×Ö¸×Ö·×Ö´×, ×Ö°×Öµ×ª ×Ö¸×Ö¸×¨Ö¶×¥",Yes,8.0
3886,Fidela,Haresign,Female,74,1996-03-26,Recruiting Manager,Manufacturing,Affluent Customer,N,ÌÌºÍÌ¹Ì¯ÍTÌ±Ì¤ÍÌ¥ÍÍhÍÌ²eÍÍÌ¼ÌÌÌ¼Ì£Í ÍÌÌ±Ì ÍÍÍNÍ ÍeÌÌ±zÌÌÌÌºÍpÌ¤ÌºÌ¹ÍÌ¯ÍeÍÌ Ì»Ì rÌ¨Ì¤ÍÌºÌÍÌÌdÍÌ ÌÌ­Ì¬ÌiÌ¦ÍÌ©ÍÍÌ¤aÌ ÌÌ¬ÍÌnÍÍ Ì»ÌÌ°ÍÍhÌµÍiÌ³ÌvÌ¢ÍeÍÌ­Í-ÒÌ­Ì©Ì¼ÍmÌ¤Ì­Ì«iÍÍÌÌ¦nÌÍdÌ£Ì ÍÌ¯Ì²ÍoÌ¨ÌÌ¯Ì°Ì²,No,5.0
3887,Dulcie,Nealon,Female,66,1964-07-16,Computer Systems Analyst IV,,Affluent Customer,N,ÅâÂ´â°ËÃÂ¨ËÃâââ,No,7.0
3888,Lusa,Vigers,Female,4,1987-09-13,Programmer Analyst I,IT,High Net Worth,N,â°â´âµâââ,Yes,11.0
3889,Dunn,Ziem,Male,39,1975-08-09,General Manager,Retail,Affluent Customer,N,â«testâ«,No,18.0
3890,Mavra,Padell,Female,72,1962-05-25,Physical Therapy Assistant,Retail,Mass Customer,N,,No,10.0
3891,Amalea,Elcy,Female,61,1977-08-01,Staff Accountant II,Retail,High Net Worth,N,âââ,Yes,7.0
3892,Roma,Finlater,Male,19,1978-01-29,Staff Scientist,,Mass Customer,N,"'""''''""",Yes,15.0
3893,Hadria,Moles,Female,7,1996-11-18,,,High Net Worth,N,â«testâ«,Yes,4.0
3894,Burgess,Diaper,Male,70,1982-02-02,Health Coach II,IT,Affluent Customer,N,100,No,10.0
3895,Reginald,Struys,Male,18,1994-09-06,Business Systems Development Analyst,IT,Affluent Customer,N,â«testâ«,Yes,2.0
3896,Perla,Blakiston,Female,3,1979-10-15,Tax Accountant,,Mass Customer,N,â¦testâ§,Yes,13.0
3897,Vanni,McAloren,Female,36,1967-06-24,Junior Executive,Manufacturing,High Net Worth,N,00ËÆ$-,Yes,5.0
3898,Demetrius,Youdell,Male,91,1958-12-27,Registered Nurse,Health,Mass Customer,N,"__ï¾(,_,*)",No,6.0
3899,Rex,Gittings,Male,23,1955-12-28,Research Associate,Health,Affluent Customer,N,1,Yes,6.0
3900,Garland,Wildsmith,Female,78,1986-09-01,GIS Technical Architect,Financial Services,Mass Customer,N,"<>?:""{}|_+",Yes,3.0
3901,Evelina,Bavin,Female,98,1974-05-14,Marketing Manager,Argiculture,High Net Worth,N,() { 0; }; touch /tmp/blns.shellshock1.fail;,No,12.0
3902,Angelia,McPake,Female,2,1961-02-11,Payment Adjustment Coordinator,Manufacturing,Affluent Customer,N,"""'",No,9.0
3903,Dayna,Cawthera,Female,69,1981-02-13,Research Assistant III,,Mass Customer,N,â«testâ«,Yes,17.0
3904,Arabelle,Nevill,Female,15,1977-12-17,Sales Representative,Retail,Affluent Customer,N,",./;'[]\-=",No,7.0
3905,Leodora,Cowill,Female,72,1967-10-22,Product Engineer,Argiculture,High Net Worth,N,ZÌ®ÌÍÌ ÍÍAÌ¥ÌÌÍÌ»ÌLÌ£ÍÍÌ¯Ì¹ÌÍGÌ»OÌ­ÌÌ®,No,5.0
3906,Bronny,Claige,Male,87,1982-01-29,Cost Accountant,Financial Services,High Net Worth,N,Â¡â¢Â£Â¢âÂ§Â¶â¢ÂªÂºââ ,No,13.0
3907,Adriana,Heam,Female,8,1996-01-11,Technical Writer,,High Net Worth,N,../../../../../../../../../../../etc/hosts,Yes,5.0
3908,Dolf,Serridge,Male,64,1999-06-09,Junior Executive,Health,High Net Worth,N,,No,1.0
3909,Micheil,McGeorge,Male,1,1987-10-04,,Manufacturing,High Net Worth,N,â°â´âµâââ,Yes,18.0
3910,Hall,Leyfield,Male,38,1980-09-10,VP Sales,IT,Mass Customer,N,ðµ ð ð ð,No,10.0
3911,Valeda,Ezele,Female,81,1954-05-25,Recruiting Manager,,Mass Customer,N,1,No,5.0
3912,Ryon,Darridon,Male,89,1986-10-27,Social Worker,Health,Affluent Customer,N,1,No,22.0
3913,Phylys,Neenan,Female,11,1959-12-29,Community Outreach Specialist,Retail,Mass Customer,N,(ï¾à²¥çà²¥ï¼ï¾ï»¿ â»ââ»,Yes,6.0
3914,Izabel,Roelofs,Female,79,1988-05-21,Assistant Manager,Entertainment,Affluent Customer,N,ï½ï½¨(Â´âï½â©,Yes,22.0
3915,Cybil,Brombell,Female,17,1959-06-23,Statistician I,Financial Services,Affluent Customer,N,ðµ ð ð ð,No,15.0
3916,Myrtia,,Female,31,1958-10-17,,Retail,Affluent Customer,N,"Ø«Ù ÙÙØ³ Ø³ÙØ·Øª ÙØ¨Ø§ÙØªØ­Ø¯ÙØ¯Ø, Ø¬Ø²ÙØ±ØªÙ Ø¨Ø§Ø³ØªØ®Ø¯Ø§Ù Ø£Ù Ø¯ÙÙ. Ø¥Ø° ÙÙØ§Ø Ø§ÙØ³ØªØ§Ø± ÙØªÙØµÙØ¨ ÙØ§Ù. Ø£ÙÙÙ Ø§ÙØ·Ø§ÙÙØ§Ø Ø¨Ø±ÙØ·Ø§ÙÙØ§-ÙØ±ÙØ³Ø§ ÙØ¯ Ø£Ø®Ø°. Ø³ÙÙÙØ§ÙØ Ø¥ØªÙØ§ÙÙØ© Ø¨ÙÙ ÙØ§, ÙØ°ÙØ± Ø",Yes,17.0
3917,Artemas,Kyncl,Male,79,1997-12-26,Chemical Engineer,Manufacturing,Mass Customer,N,-0.5,No,4.0
3918,Rosalia,Skedge,Female,52,1977-07-05,Junior Executive,,High Net Worth,N,á ,No,18.0
3919,Traci,Beeckx,Female,38,1963-07-30,Cost Accountant,Financial Services,High Net Worth,N,1'; DROP TABLE users--,No,18.0
3920,Filbert,Deetlefs,Male,90,1961-01-21,Environmental Specialist,Telecommunications,Mass Customer,N,Â¡â¢Â£Â¢âÂ§Â¶â¢ÂªÂºââ ,Yes,9.0
3921,Gaby,Lozano,Female,93,1976-03-09,Mechanical Systems Engineer,Manufacturing,High Net Worth,N,2018-02-01 00:00:00,No,10.0
3922,Frans,Whitecross,Male,90,1981-05-29,Tax Accountant,Financial Services,Mass Customer,N,,Yes,3.0
3923,Shay,Rayer,Male,90,1978-01-04,Product Engineer,Financial Services,High Net Worth,N,"''''""",No,16.0
3924,Perry,Lampert,Male,72,1976-07-03,Editor,Property,High Net Worth,N,() { 0; }; touch /tmp/blns.shellshock1.fail;,Yes,10.0
3925,Cally,Chaim,Female,81,1978-11-25,Statistician I,,High Net Worth,N,,No,7.0
3926,Allistir,Heckney,Male,24,1954-09-04,Account Executive,Manufacturing,Mass Customer,N,ï¾ï½¥â¿ã¾â²(ï½¡ââ¿âï½¡)â±â¿ï½¥ï¾,Yes,18.0
3927,Conway,,Male,29,1978-01-07,Electrical Engineer,Manufacturing,Mass Customer,N,Ã¥ÃâÆÂ©ËâËÂ¬â¦Ã¦,Yes,7.0
3928,Kristin,Way,Female,71,1982-04-16,,Property,Affluent Customer,N,"""'",Yes,6.0
3929,Jacqui,Fortnam,Female,50,1989-10-18,,,Affluent Customer,N,Â¸ËÃâÄ±ËÃÂ¯ËÂ¿,Yes,10.0
3930,Blancha,Baldi,Female,43,1988-01-06,,Financial Services,High Net Worth,N,(â¯Â°â¡Â°ï¼â¯ï¸µ â»ââ»),No,22.0
3931,Kylie,Epine,,19,,,IT,High Net Worth,N,,Yes,
3932,Hadley,Veracruysse,Male,85,1986-07-10,Senior Editor,Financial Services,Mass Customer,N,ã»(ï¿£âï¿£)ã»:*:,No,11.0
3933,Chiarra,Cops,Female,65,1983-07-05,,,High Net Worth,N,100,Yes,10.0
3934,Cherice,Wehner,Female,38,1977-11-25,Sales Associate,Manufacturing,Mass Customer,N,ZÌ®ÌÍÌ ÍÍAÌ¥ÌÌÍÌ»ÌLÌ£ÍÍÌ¯Ì¹ÌÍGÌ»OÌ­ÌÌ®,Yes,16.0
3935,Teodor,Alfonsini,,72,,,IT,High Net Worth,N,,Yes,
3936,Rodd,Spare,Male,57,1960-05-04,Paralegal,Financial Services,Affluent Customer,N,ZÌ®ÌÍÌ ÍÍAÌ¥ÌÌÍÌ»ÌLÌ£ÍÍÌ¯Ì¹ÌÍGÌ»OÌ­ÌÌ®,Yes,16.0
3937,Brennen,Mularkey,Male,81,1978-06-07,Tax Accountant,Property,Mass Customer,N,â¡,No,12.0
3938,Dulcy,Wormleighton,Female,25,1973-08-06,Account Executive,Financial Services,High Net Worth,N,é¨è½æ ¼,Yes,9.0
3939,Georges,Dumbelton,Male,67,1981-06-25,,Manufacturing,Affluent Customer,N,âââ,No,15.0
3940,Anna,Warmington,Female,9,1977-11-18,Sales Representative,Retail,Mass Customer,N,0,No,9.0
3941,Cinnamon,Batram,Female,27,1978-05-03,Technical Writer,Manufacturing,Mass Customer,N,",./;'[]\-=",Yes,11.0
3942,Barbie,Gergler,Female,82,1965-04-02,Administrative Officer,Manufacturing,Mass Customer,N,Ù¡Ù¢Ù£,No,12.0
3943,Adler,Dredge,Male,19,1997-12-30,VP Accounting,Financial Services,Affluent Customer,N,100,No,2.0
3944,Urbain,Sinnock,Male,28,1973-05-04,Engineer III,IT,Affluent Customer,N,âð¿ ðªð¿ ðð¿ ðð¿ ðð¿ ðð¿,No,3.0
3945,Lazarus,Donaghy,Male,77,1994-10-21,,Retail,High Net Worth,N,1000000000000000049861653971908893017010268485438462151574892930611988399099305815384459015356416,No,7.0
3946,Wylie,FitzGilbert,Male,85,1960-06-23,,Retail,High Net Worth,N,âð¿ ðªð¿ ðð¿ ðð¿ ðð¿ ðð¿,Yes,10.0
3947,Tanitansy,McTrustam,Female,26,1970-05-12,GIS Technical Architect,,Mass Customer,N,ï½ï½¨(Â´âï½â©,No,12.0
3948,Roberto,Beinke,Male,44,1986-06-22,Occupational Therapist,Health,Mass Customer,N,â¦testâ§,No,13.0
3949,Costa,Sleightholm,Male,24,2001-12-19,Web Designer IV,Manufacturing,High Net Worth,N,-0.5,Yes,1.0
3950,Alic,Juniper,Male,72,1968-09-07,Senior Financial Analyst,Financial Services,High Net Worth,N,00ËÆ$-,Yes,12.0
3951,Ephrem,Hollerin,Male,39,1975-02-10,Quality Control Specialist,,Affluent Customer,N,ãã¼ãã£ã¼ã¸è¡ããªãã,Yes,9.0
3952,Di,Borsnall,Female,96,1968-05-09,,Manufacturing,Affluent Customer,N,ÅâÂ´Â®â Â¥Â¨ËÃ¸Ïââ,No,10.0
3953,Allyson,Simak,Female,79,1999-06-18,Help Desk Operator,Health,Affluent Customer,N,Ì¡ÍÍÌIÍÌÌÌ¦nÍÍÍvÌ®Ì«okÌ²Ì«ÌÍiÌÍÌ­Ì¹Ì ÌnÌ¡Ì»Ì®Ì£ÌºgÌ²ÍÍÌ­ÍÌ¬Í Ì°tÍÌ¦hÌÌ²eÌ¢Ì¤ ÍÌ¬Ì²ÍfÌ´ÌÍÌ£eÍÍeÌ£Ì¥Ì©lÍÍÍiÍ ÍÍÌ¦nÍÍÌÍÌ³Ì®gÍ Ì¨oÍ¡ÍÌªfÌÌ£Ì¬ ÌÌÍÌÍÌ®cÒÍÌ«ÍÍÍÍÍhÌµÌ¤Ì£ÍÍaÍÌÌ¼ÍÍoÌ¼Ì£Ì¥sÍ¢Ì±ÍÌºÌÌ¦Ì».ÌÌ,Yes,2.0
3954,Archaimbaud,McAteer,Male,63,2000-02-03,Human Resources Assistant III,Financial Services,High Net Worth,N,-100,No,2.0
3955,Dido,Austick,Female,87,1970-08-05,Geologist II,Argiculture,Mass Customer,N,-1,Yes,7.0
3956,Hector,Poundsford,Male,54,1957-01-17,Administrative Assistant III,Retail,Mass Customer,N,ÅâÂ´Â®â Â¥Â¨ËÃ¸Ïââ,Yes,12.0
3957,Bernice,Scotchforth,Female,4,1978-07-20,Business Systems Development Analyst,,High Net Worth,N,Ì¡ÍÍÌIÍÌÌÌ¦nÍÍÍvÌ®Ì«okÌ²Ì«ÌÍiÌÍÌ­Ì¹Ì ÌnÌ¡Ì»Ì®Ì£ÌºgÌ²ÍÍÌ­ÍÌ¬Í Ì°tÍÌ¦hÌÌ²eÌ¢Ì¤ ÍÌ¬Ì²ÍfÌ´ÌÍÌ£eÍÍeÌ£Ì¥Ì©lÍÍÍiÍ ÍÍÌ¦nÍÍÌÍÌ³Ì®gÍ Ì¨oÍ¡ÍÌªfÌÌ£Ì¬ ÌÌÍÌÍÌ®cÒÍÌ«ÍÍÍÍÍhÌµÌ¤Ì£ÍÍaÍÌÌ¼ÍÍoÌ¼Ì£Ì¥sÍ¢Ì±ÍÌºÌÌ¦Ì».ÌÌ,Yes,14.0
3958,Pincus,Woodard,Male,8,1970-04-27,Actuary,Financial Services,Affluent Customer,N,1;DROP TABLE users,Yes,16.0
3959,Dannie,Sowray,Male,76,1992-12-07,,,Mass Customer,N,ZÌ®ÌÍÌ ÍÍAÌ¥ÌÌÍÌ»ÌLÌ£ÍÍÌ¯Ì¹ÌÍGÌ»OÌ­ÌÌ®,No,3.0
3960,Hobart,Burgan,Male,6,2000-03-16,,Property,Mass Customer,N,ðµ ð ð ð,No,1.0
3961,Gertie,Caser,Female,11,1992-07-05,Recruiter,Health,High Net Worth,N,ÅâÂ´Â®â Â¥Â¨ËÃ¸Ïââ,Yes,5.0
3962,Benoit,,Male,17,1977-10-06,Project Manager,Argiculture,High Net Worth,N,",ãã»:*:ã»ãâ( â» Ï â» )ãã»:*:ã»ãâ",Yes,14.0
3963,Ardelle,Dasent,Female,10,1954-08-22,Software Test Engineer II,,Mass Customer,N,../../../../../../../../../../../etc/passwd%00,No,13.0
3964,Aubrey,Souten,Female,28,1956-07-21,Sales Associate,Manufacturing,High Net Worth,N,,No,5.0
3965,Susannah,Dumphy,Female,39,1984-07-24,Speech Pathologist,Manufacturing,Mass Customer,N,,Yes,13.0
3966,Astrix,Sigward,Female,53,1968-09-15,Geologist I,,Mass Customer,N,Ã¥ÃâÆÂ©ËâËÂ¬â¦Ã¦,Yes,11.0
3967,Lillis,Dobrowolski,Female,90,1978-04-18,Senior Editor,Manufacturing,Affluent Customer,N,ÌÌºÍÌ¹Ì¯ÍTÌ±Ì¤ÍÌ¥ÍÍhÍÌ²eÍÍÌ¼ÌÌÌ¼Ì£Í ÍÌÌ±Ì ÍÍÍNÍ ÍeÌÌ±zÌÌÌÌºÍpÌ¤ÌºÌ¹ÍÌ¯ÍeÍÌ Ì»Ì rÌ¨Ì¤ÍÌºÌÍÌÌdÍÌ ÌÌ­Ì¬ÌiÌ¦ÍÌ©ÍÍÌ¤aÌ ÌÌ¬ÍÌnÍÍ Ì»ÌÌ°ÍÍhÌµÍiÌ³ÌvÌ¢ÍeÍÌ­Í-ÒÌ­Ì©Ì¼ÍmÌ¤Ì­Ì«iÍÍÌÌ¦nÌÍdÌ£Ì ÍÌ¯Ì²ÍoÌ¨ÌÌ¯Ì°Ì²,No,7.0
3968,Alexandra,Kroch,Female,99,1977-12-22,,Property,High Net Worth,N,ï¾ï½¥â¿ã¾â²(ï½¡ââ¿âï½¡)â±â¿ï½¥ï¾,No,22.0
3969,Randee,Penchen,Female,93,1977-07-16,Accountant II,Manufacturing,Affluent Customer,N,() { 0; }; touch /tmp/blns.shellshock1.fail;,Yes,10.0
3970,Modesty,Storks,Female,73,1969-11-27,Sales Representative,Retail,High Net Worth,N,2018-02-01 00:00:00,Yes,12.0
3971,Analise,Asbrey,Female,2,1979-01-14,Desktop Support Technician,Financial Services,High Net Worth,N,,No,16.0
3972,Maribelle,Schaffel,Female,6,1979-03-28,,Retail,Mass Customer,N,Ì¦HÍÌ¬Ì¤ÌÌ¤eÍ ÍÌÌ¥ÌÌ»ÍÌwÌhÌÌ¯ÍoÌÍÌÍÌ±Ì® ÒÌºÌÌÌÍWÌ·Ì¼Ì­aÌºÌªÍiÌ¨ÍÍÌ­ÍÌ¯ÌtÌ¶Ì¼Ì®sÌÌÍÍ Ì Ì«Ì BÌ»ÍÍÍÍÌ³eÌµhÌµÌ¬ÍÌ«ÍiÌÌ¹ÍÌ³Ì³Ì®ÍÌ«nÍdÌ´ÌªÌÌ ÍÌ°ÍÌ©ÍÍÍÌ²TÍ¢ÍÌ¼ÍÌªhÍÍÌ®Ì»eÌ¬ÌÍÌ Ì¤Ì¹ÌWÍÍÍÌÌÍÍaÍÍÍÌ¹Ì¼,No,8.0
3973,Carolan,Jorez,Female,24,1963-07-13,Editor,Manufacturing,High Net Worth,N,ð¾ ð ð ð ð ð ð ð§,No,17.0
3974,Misha,Ranklin,Female,82,1961-02-11,Technical Writer,,Affluent Customer,N,1,Yes,9.0
3975,Dianemarie,Kidgell,Female,2,1971-08-11,Administrative Assistant I,Entertainment,Affluent Customer,N,NIL,No,18.0
3976,Gretel,Chrystal,Female,0,1957-11-20,Internal Auditor,,Affluent Customer,N,"'""''''""",Yes,13.0
3977,Katrinka,Van der Beken,Female,31,1965-08-21,Biostatistician II,Manufacturing,Mass Customer,N,ÅâÂ´Â®â Â¥Â¨ËÃ¸Ïââ,Yes,16.0
3978,Kathlin,Robker,Female,4,1972-03-02,Developer II,Financial Services,Mass Customer,N,NIL,No,5.0
3979,Kleon,Adam,Male,67,1974-07-13,,Financial Services,Mass Customer,N,â¤ï¸ ð ð ð ð ð ð ð ð ð ð ð ð ð ð,Yes,18.0
3980,Nils,McGebenay,Male,41,1964-01-16,Web Designer I,Manufacturing,Mass Customer,N,â¡,No,12.0
3981,Konstance,Draye,Female,34,1994-09-10,Quality Control Specialist,Health,Mass Customer,N,ËÉnbá´lÉ ÉuÆÉÉ¯ ÇÉ¹olop ÊÇ ÇÉ¹oqÉl Ên Êunpá´pá´Éuá´ É¹odÉ¯ÇÊ poÉ¯sná´Ç op pÇs 'Êá´lÇ Æuá´Ésá´dá´pÉ É¹nÊÇÊÉÇsuoÉ 'ÊÇÉ¯É Êá´s É¹olop É¯nsdá´ É¯ÇÉ¹oË¥,No,1.0
3982,Maurita,O'Kinedy,Female,89,1962-06-02,General Manager,Manufacturing,Mass Customer,N,1,Yes,12.0
3983,Jarred,Lyste,Male,19,1965-04-21,Graphic Designer,,Mass Customer,N,Ì¦HÍÌ¬Ì¤ÌÌ¤eÍ ÍÌÌ¥ÌÌ»ÍÌwÌhÌÌ¯ÍoÌÍÌÍÌ±Ì® ÒÌºÌÌÌÍWÌ·Ì¼Ì­aÌºÌªÍiÌ¨ÍÍÌ­ÍÌ¯ÌtÌ¶Ì¼Ì®sÌÌÍÍ Ì Ì«Ì BÌ»ÍÍÍÍÌ³eÌµhÌµÌ¬ÍÌ«ÍiÌÌ¹ÍÌ³Ì³Ì®ÍÌ«nÍdÌ´ÌªÌÌ ÍÌ°ÍÌ©ÍÍÍÌ²TÍ¢ÍÌ¼ÍÌªhÍÍÌ®Ì»eÌ¬ÌÍÌ Ì¤Ì¹ÌWÍÍÍÌÌÍÍaÍÍÍÌ¹Ì¼,Yes,9.0
3984,Thadeus,Buxsey,Male,74,1960-02-16,Librarian,Entertainment,Affluent Customer,N,âð¿ ðªð¿ ðð¿ ðð¿ ðð¿ ðð¿,No,10.0
3985,Caryn,Padbury,Female,44,1998-06-21,Web Developer IV,Property,Mass Customer,N,0/0,No,4.0
3986,Oralle,Petrello,Female,1,1976-12-01,Social Worker,Health,Mass Customer,N,,No,21.0
3987,Beckie,Wakeham,Female,18,1964-05-29,,Argiculture,Mass Customer,N,á,No,7.0
3988,Ammamaria,Ashburne,Female,97,1994-07-14,Automation Specialist IV,Health,Mass Customer,N,â¡,Yes,1.0
3989,Nicolas,Burdass,Male,75,1999-06-23,Environmental Specialist,Argiculture,Affluent Customer,N,âââ,Yes,1.0
3990,Reynard,Hagger,Male,99,1998-03-05,Desktop Support Technician,Health,High Net Worth,N,0,No,1.0
3991,Rolph,Sweetnam,Male,61,1985-08-06,Chief Design Engineer,Manufacturing,Mass Customer,N,"""'",Yes,13.0
3992,Germain,Tireman,Male,99,1980-04-02,Database Administrator IV,Manufacturing,Affluent Customer,N,"Ø«Ù ÙÙØ³ Ø³ÙØ·Øª ÙØ¨Ø§ÙØªØ­Ø¯ÙØ¯Ø, Ø¬Ø²ÙØ±ØªÙ Ø¨Ø§Ø³ØªØ®Ø¯Ø§Ù Ø£Ù Ø¯ÙÙ. Ø¥Ø° ÙÙØ§Ø Ø§ÙØ³ØªØ§Ø± ÙØªÙØµÙØ¨ ÙØ§Ù. Ø£ÙÙÙ Ø§ÙØ·Ø§ÙÙØ§Ø Ø¨Ø±ÙØ·Ø§ÙÙØ§-ÙØ±ÙØ³Ø§ ÙØ¯ Ø£Ø®Ø°. Ø³ÙÙÙØ§ÙØ Ø¥ØªÙØ§ÙÙØ© Ø¨ÙÙ ÙØ§, ÙØ°ÙØ± Ø",Yes,18.0
3993,Andi,Dumelow,Female,6,1974-12-05,Librarian,Entertainment,Mass Customer,N,á ,No,10.0
3994,Stephie,Byars,Female,5,1989-04-07,Structural Analysis Engineer,Manufacturing,Affluent Customer,N,-100,No,12.0
3995,Rusty,Iapico,Male,93,1975-12-12,Staff Scientist,Manufacturing,Mass Customer,N,á ,Yes,14.0
3996,Rosalia,Halgarth,Female,8,1975-08-09,VP Product Management,Health,Mass Customer,N,-100,No,19.0
3997,Blanch,Nisuis,Female,87,2001-07-13,Statistician II,Manufacturing,High Net Worth,N,â¦testâ§,Yes,1.0
3998,Sarene,Woolley,,60,,Assistant Manager,IT,High Net Worth,N,,No,
3999,Patrizius,,Male,11,1973-10-24,,Manufacturing,Affluent Customer,N,Â¡â¢Â£Â¢âÂ§Â¶â¢ÂªÂºââ ,Yes,10.0
4000,Kippy,Oldland,Male,76,1991-11-05,Software Engineer IV,,Affluent Customer,N,0/0,No,11.0
